query	target	evalue	bits	tstart	tend	taxlineage
pgaptmp_002090_1	A0A1H7H3G6	5.704E-188	590	1	290	-_cellular organisms;d_Archaea;p_Euryarchaeota;-_Stenosarchaea group;c_Halobacteria;o_Haloferacales;f_Haloferacaceae;g_Haloferax;s_Haloferax larsenii
pgaptmp_002090_1	M0GTD3	8.030E-185	581	1	290	-_cellular organisms;d_Archaea;p_Euryarchaeota;-_Stenosarchaea group;c_Halobacteria;o_Haloferacales;f_Haloferacaceae;g_Haloferax;s_Haloferax larsenii;-_Haloferax larsenii JCM 13917
pgaptmp_002090_1	M0HUC4	1.169E-165	526	1	272	-_cellular organisms;d_Archaea;p_Euryarchaeota;-_Stenosarchaea group;c_Halobacteria;o_Haloferacales;f_Haloferacaceae;g_Haloferax;s_Haloferax elongans;-_Haloferax elongans ATCC BAA-1513
pgaptmp_002090_1	M0I6U3	2.666E-141	455	1	290	-_cellular organisms;d_Archaea;p_Euryarchaeota;-_Stenosarchaea group;c_Halobacteria;o_Haloferacales;f_Haloferacaceae;g_Haloferax;s_Haloferax mucosum;-_Haloferax mucosum ATCC BAA-1512
pgaptmp_002090_1	I3R2Q4	4.120E-139	449	1	290	-_cellular organisms;d_Archaea;p_Euryarchaeota;-_Stenosarchaea group;c_Halobacteria;o_Haloferacales;f_Haloferacaceae;g_Haloferax;s_Haloferax mediterranei;-_Haloferax mediterranei ATCC 33500
pgaptmp_002090_1	A0A871BD94	4.212E-136	440	1	290	-_cellular organisms;d_Archaea;p_Euryarchaeota;-_Stenosarchaea group;c_Halobacteria;o_Haloferacales;f_Haloferacaceae;g_Haloferax;s_Haloferax gibbonsii
pgaptmp_002090_1	A0A371M0N6	4.212E-136	440	1	290	-_cellular organisms;d_Archaea;p_Euryarchaeota;-_Stenosarchaea group;c_Halobacteria;o_Haloferacales;f_Haloferacaceae;g_Haloferax;-_unclassified Haloferax;s_Haloferax sp. Atlit-4N
pgaptmp_002090_1	M0HFN7	5.772E-136	440	1	290	-_cellular organisms;d_Archaea;p_Euryarchaeota;-_Stenosarchaea group;c_Halobacteria;o_Haloferacales;f_Haloferacaceae;g_Haloferax;s_Haloferax gibbonsii;-_Haloferax gibbonsii ATCC 33959
pgaptmp_002090_1	A0A371N295	5.772E-136	440	1	290	-_cellular organisms;d_Archaea;p_Euryarchaeota;-_Stenosarchaea group;c_Halobacteria;o_Haloferacales;f_Haloferacaceae;g_Haloferax;-_unclassified Haloferax;s_Haloferax sp. Atlit-6N
pgaptmp_002090_1	A0A371MMW4	7.909E-136	439	1	290	-_cellular organisms;d_Archaea;p_Euryarchaeota;-_Stenosarchaea group;c_Halobacteria;o_Haloferacales;f_Haloferacaceae;g_Haloferax;-_unclassified Haloferax;s_Haloferax sp. Atlit-12N
pgaptmp_002090_1	A0A0K1IR80	1.084E-135	439	1	290	-_cellular organisms;d_Archaea;p_Euryarchaeota;-_Stenosarchaea group;c_Halobacteria;o_Haloferacales;f_Haloferacaceae;g_Haloferax;s_Haloferax gibbonsii
pgaptmp_002090_1	A0A371LK82	7.173E-135	437	1	290	-_cellular organisms;d_Archaea;p_Euryarchaeota;-_Stenosarchaea group;c_Halobacteria;o_Haloferacales;f_Haloferacaceae;g_Haloferax;-_unclassified Haloferax;s_Haloferax sp. Atlit-16N
pgaptmp_002090_1	A0A371MDT2	7.173E-135	437	1	290	-_cellular organisms;d_Archaea;p_Euryarchaeota;-_Stenosarchaea group;c_Halobacteria;o_Haloferacales;f_Haloferacaceae;g_Haloferax;-_unclassified Haloferax;s_Haloferax sp. Atlit-10N
pgaptmp_002090_1	M0GNP6	7.173E-135	437	1	290	-_cellular organisms;d_Archaea;p_Euryarchaeota;-_Stenosarchaea group;c_Halobacteria;o_Haloferacales;f_Haloferacaceae;g_Haloferax;s_Haloferax prahovense;-_Haloferax prahovense DSM 18310
pgaptmp_002090_1	A0A2P4NW45	1.845E-134	436	1	290	-_cellular organisms;d_Archaea;p_Euryarchaeota;-_Stenosarchaea group;c_Halobacteria;o_Haloferacales;f_Haloferacaceae;g_Haloferax;s_Haloferax marisrubri
pgaptmp_002090_1	A0A371LCK8	4.747E-134	434	1	290	-_cellular organisms;d_Archaea;p_Euryarchaeota;-_Stenosarchaea group;c_Halobacteria;o_Haloferacales;f_Haloferacaceae;g_Haloferax;-_unclassified Haloferax;s_Haloferax sp. Atlit-19N
pgaptmp_002090_1	A0A847TSW2	4.398E-130	423	1	290	-_cellular organisms;d_Archaea;p_Euryarchaeota;-_Stenosarchaea group;c_Halobacteria;o_Haloferacales;f_Haloferacaceae;g_Haloferax;s_Haloferax alexandrinus
pgaptmp_002090_1	A0A558G7K0	4.398E-130	423	1	290	-_cellular organisms;d_Archaea;p_Euryarchaeota;-_Stenosarchaea group;c_Halobacteria;o_Haloferacales;f_Haloferacaceae;g_Haloferax;s_Haloferax volcanii
pgaptmp_002090_1	A0A6C0UX32	4.398E-130	423	1	290	-_cellular organisms;d_Archaea;p_Euryarchaeota;-_Stenosarchaea group;c_Halobacteria;o_Haloferacales;f_Haloferacaceae;g_Haloferax;s_Haloferax alexandrinus
pgaptmp_002090_1	M0I679	4.398E-130	423	1	290	-_cellular organisms;d_Archaea;p_Euryarchaeota;-_Stenosarchaea group;c_Halobacteria;o_Haloferacales;f_Haloferacaceae;g_Haloferax;s_Haloferax alexandrinus;-_Haloferax alexandrinus JCM 10717
pgaptmp_002090_1	A0A498EDQ7	6.026E-130	422	1	290	-_cellular organisms;d_Archaea;p_Euryarchaeota;-_Stenosarchaea group;c_Halobacteria;o_Haloferacales;f_Haloferacaceae;g_Haloferax;-_unclassified Haloferax;s_Haloferax sp. Atlit-109R
pgaptmp_002090_1	A0A498EH53	6.026E-130	422	1	290	-_cellular organisms;d_Archaea;p_Euryarchaeota;-_Stenosarchaea group;c_Halobacteria;o_Haloferacales;f_Haloferacaceae;g_Haloferax;-_unclassified Haloferax;s_Haloferax sp. Atlit-105R
pgaptmp_002090_1	A0A371L4M6	6.026E-130	422	1	290	-_cellular organisms;d_Archaea;p_Euryarchaeota;-_Stenosarchaea group;c_Halobacteria;o_Haloferacales;f_Haloferacaceae;g_Haloferax;-_unclassified Haloferax;s_Haloferax sp. Atlit-47N
pgaptmp_002090_1	M0GJN3	6.026E-130	422	1	290	-_cellular organisms;d_Archaea;p_Euryarchaeota;-_Stenosarchaea group;c_Halobacteria;o_Haloferacales;f_Haloferacaceae;g_Haloferax;s_Haloferax lucentense;-_Haloferax lucentense DSM 14919
pgaptmp_002090_1	A0A371KGK7	6.026E-130	422	1	290	-_cellular organisms;d_Archaea;p_Euryarchaeota;-_Stenosarchaea group;c_Halobacteria;o_Haloferacales;f_Haloferacaceae;g_Haloferax;-_unclassified Haloferax;s_Haloferax sp. Atlit-48N
pgaptmp_002090_1	L5NX43	6.026E-130	422	1	290	-_cellular organisms;d_Archaea;p_Euryarchaeota;-_Stenosarchaea group;c_Halobacteria;o_Haloferacales;f_Haloferacaceae;g_Haloferax;-_unclassified Haloferax;s_Haloferax sp. BAB-2207
pgaptmp_002090_1	A0A842PMT6	6.026E-130	422	1	290	-_cellular organisms;d_Archaea;p_Euryarchaeota;-_Stenosarchaea group;c_Halobacteria;o_Haloferacales;f_Haloferacaceae;g_Haloferax;-_unclassified Haloferax;s_Haloferax sp. AS1
pgaptmp_002090_1	A0A371KTK3	6.026E-130	422	1	290	-_cellular organisms;d_Archaea;p_Euryarchaeota;-_Stenosarchaea group;c_Halobacteria;o_Haloferacales;f_Haloferacaceae;g_Haloferax;-_unclassified Haloferax;s_Haloferax sp. Atlit-24N
pgaptmp_002090_1	M0FJT4	4.953E-128	417	1	290	-_cellular organisms;d_Archaea;p_Euryarchaeota;-_Stenosarchaea group;c_Halobacteria;o_Haloferacales;f_Haloferacaceae;g_Haloferax;-_unclassified Haloferax;s_Haloferax sp. ATCC BAA-646
pgaptmp_002090_1	M0FRY2	4.953E-128	417	1	290	-_cellular organisms;d_Archaea;p_Euryarchaeota;-_Stenosarchaea group;c_Halobacteria;o_Haloferacales;f_Haloferacaceae;g_Haloferax;-_unclassified Haloferax;s_Haloferax sp. ATCC BAA-644
pgaptmp_002090_1	M0G1X4	4.953E-128	417	1	290	-_cellular organisms;d_Archaea;p_Euryarchaeota;-_Stenosarchaea group;c_Halobacteria;o_Haloferacales;f_Haloferacaceae;g_Haloferax;-_unclassified Haloferax;s_Haloferax sp. ATCC BAA-645
pgaptmp_002090_1	A0A0D6JRZ7	6.786E-128	417	1	290	-_cellular organisms;d_Archaea;p_Euryarchaeota;-_Stenosarchaea group;c_Halobacteria;o_Haloferacales;f_Haloferacaceae;g_Haloferax;s_Haloferax massiliensis
pgaptmp_002090_1	A0A895AJU1	1.089E-119	393	1	290	-_cellular organisms;d_Archaea;p_Euryarchaeota;-_Stenosarchaea group;c_Halobacteria;o_Halobacteriales;f_Halobacteriaceae;g_Halobacterium;-_unclassified Halobacterium;s_Halobacterium sp. GSL-19
pgaptmp_002090_1	A0A1I4ECI6	2.952E-110	366	4	293	-_cellular organisms;d_Archaea;p_Euryarchaeota;-_Stenosarchaea group;c_Halobacteria;o_Haloferacales;f_Haloferacaceae;g_Halogranum;s_Halogranum rubrum
pgaptmp_002090_1	J3A527	7.588E-110	364	4	293	-_cellular organisms;d_Archaea;p_Euryarchaeota;-_Stenosarchaea group;c_Halobacteria;o_Haloferacales;f_Haloferacaceae;g_Halogranum;s_Halogranum salarium;-_Halogranum salarium B-1
pgaptmp_002090_1	A0A1D2QC87	1.646E-101	340	5	290	-_cellular organisms;d_Archaea;p_Euryarchaeota;-_Stenosarchaea group;c_Halobacteria;o_Halobacteriales;f_Haladaptataceae;g_Haladaptatus;-_unclassified Haladaptatus;s_Haladaptatus sp. W1
pgaptmp_002090_1	A0A1M6QHW3	7.934E-101	338	5	290	-_cellular organisms;d_Archaea;p_Euryarchaeota;-_Stenosarchaea group;c_Halobacteria;o_Halobacteriales;f_Haladaptataceae;g_Haladaptatus;s_Haladaptatus paucihalophilus;-_Haladaptatus paucihalophilus DX253
pgaptmp_002090_1	E7QRC9	1.363E-96	326	2	276	-_cellular organisms;d_Archaea;p_Euryarchaeota;-_Stenosarchaea group;c_Halobacteria;o_Halobacteriales;f_Haladaptataceae;g_Haladaptatus;s_Haladaptatus paucihalophilus;-_Haladaptatus paucihalophilus DX253
pgaptmp_002090_1	A0A166SG65	6.566E-96	324	5	292	-_cellular organisms;d_Archaea;p_Euryarchaeota;-_Stenosarchaea group;c_Halobacteria;o_Halobacteriales;f_Haladaptataceae;g_Haladaptatus;-_unclassified Haladaptatus;s_Haladaptatus sp. R4
pgaptmp_002090_1	A0A9C7Q5X0	1.232E-95	323	2	276	-_cellular organisms;d_Archaea;p_Euryarchaeota;-_Stenosarchaea group;c_Halobacteria;o_Halobacteriales;f_Haladaptataceae;g_Haladaptatus;-_unclassified Haladaptatus;s_Haladaptatus sp. T7
pgaptmp_002090_1	A0A0W1R9H8	1.720E-89	306	3	285	-_cellular organisms;d_Archaea;p_Euryarchaeota;-_Stenosarchaea group;c_Halobacteria;o_Haloferacales;f_Haloferacaceae;g_Haloprofundus;s_Haloprofundus marisrubri
pgaptmp_002090_1	A0A365T8R6	4.416E-89	304	5	292	-_cellular organisms;d_Archaea;p_Euryarchaeota;-_Stenosarchaea group;c_Halobacteria;o_Halobacteriales;-_unclassified Halobacteriales;s_halophilic archaeon
pgaptmp_002090_1	A0A1N6WQJ8	7.476E-88	301	5	292	-_cellular organisms;d_Archaea;p_Euryarchaeota;-_Stenosarchaea group;c_Halobacteria;o_Halobacteriales;f_Haladaptataceae;g_Haladaptatus;s_Haladaptatus litoreus
pgaptmp_002090_1	A0A6G3ZKK6	1.920E-87	300	4	293	-_cellular organisms;d_Archaea;p_Euryarchaeota;-_Stenosarchaea group;c_Halobacteria;o_Halobacteriales;f_Haladaptataceae;g_Halorussus;-_unclassified Halorussus;s_Halorussus sp. MSC15.2
pgaptmp_002090_1	A0A6B0GHS1	3.277E-80	279	7	294	-_cellular organisms;d_Archaea;p_Euryarchaeota;-_Stenosarchaea group;c_Halobacteria;o_Halobacteriales;f_Haloarculaceae;g_Halomarina;s_Halomarina oriensis
pgaptmp_002090_1	A0A8U0IEE7	2.661E-78	273	2	287	-_cellular organisms;d_Archaea;p_Euryarchaeota;-_Stenosarchaea group;c_Halobacteria;o_Halobacteriales;f_Haladaptataceae;g_Halorussus;s_Halorussus gelatinilyticus
pgaptmp_002090_1	A0A8U0HQS2	1.038E-75	266	2	256	-_cellular organisms;d_Archaea;p_Euryarchaeota;-_Stenosarchaea group;c_Halobacteria;o_Halobacteriales;f_Haladaptataceae;g_Halorussus;s_Halorussus limi
pgaptmp_002090_1	A0A1N6WQR0	2.840E-61	224	5	289	-_cellular organisms;d_Archaea;p_Euryarchaeota;-_Stenosarchaea group;c_Halobacteria;o_Halobacteriales;f_Haladaptataceae;g_Haladaptatus;s_Haladaptatus litoreus
pgaptmp_002090_1	A0A1D2QC66	4.758E-60	220	5	289	-_cellular organisms;d_Archaea;p_Euryarchaeota;-_Stenosarchaea group;c_Halobacteria;o_Halobacteriales;f_Haladaptataceae;g_Haladaptatus;-_unclassified Haladaptatus;s_Haladaptatus sp. W1
pgaptmp_002090_1	E7QRC8	4.758E-60	220	5	289	-_cellular organisms;d_Archaea;p_Euryarchaeota;-_Stenosarchaea group;c_Halobacteria;o_Halobacteriales;f_Haladaptataceae;g_Haladaptatus;s_Haladaptatus paucihalophilus;-_Haladaptatus paucihalophilus DX253
pgaptmp_002090_1	A0A9C7Q6P3	8.901E-60	220	5	289	-_cellular organisms;d_Archaea;p_Euryarchaeota;-_Stenosarchaea group;c_Halobacteria;o_Halobacteriales;f_Haladaptataceae;g_Haladaptatus;-_unclassified Haladaptatus;s_Haladaptatus sp. T7
pgaptmp_002090_1	A0A1G9TW67	7.893E-48	185	17	292	-_cellular organisms;d_Archaea;p_Euryarchaeota;-_Stenosarchaea group;c_Halobacteria;o_Halobacteriales;f_Halorubellaceae;g_Haloarchaeobius;s_Haloarchaeobius iranensis
pgaptmp_002090_1	A0A3A5JEH7	1.598E-40	164	20	289	-_cellular organisms;d_Archaea;p_Euryarchaeota;-_Stenosarchaea group;c_Halobacteria;o_Halobacteriales;f_Halococcaceae;g_Halococcus;-_unclassified Halococcus;s_Halococcus sp. IIIV-5B
pgaptmp_002090_1	A0A4D6HEL8	1.598E-40	164	18	293	-_cellular organisms;d_Archaea;p_Euryarchaeota;-_Stenosarchaea group;c_Halobacteria;o_Halobacteriales;f_Haloarculaceae;g_Halapricum;s_Halapricum salinum
pgaptmp_002090_1	A0A285N4T7	2.622E-39	160	3	276	-_cellular organisms;d_Archaea;p_Euryarchaeota;-_Stenosarchaea group;c_Halobacteria;o_Halobacteriales;f_Natronoarchaeaceae;g_Natronoarchaeum;s_Natronoarchaeum philippinense
pgaptmp_002090_1	A0A6B0GHB1	6.659E-39	159	7	277	-_cellular organisms;d_Archaea;p_Euryarchaeota;-_Stenosarchaea group;c_Halobacteria;o_Halobacteriales;f_Haloarculaceae;g_Halomarina;s_Halomarina oriensis
pgaptmp_002090_1	A0A2R6JQA9	1.691E-38	158	26	309	-_cellular organisms;d_Archaea;p_Euryarchaeota;-_Stenosarchaea group;c_Halobacteria;o_Halobacteriales;-_unclassified Halobacteriales;s_Halobacteriales archaeon QS_8_69_26
pgaptmp_002090_1	L0IC65	1.560E-35	149	13	277	-_cellular organisms;d_Archaea;p_Euryarchaeota;-_Stenosarchaea group;c_Halobacteria;o_Natrialbales;f_Natrialbaceae;g_Halovivax;s_Halovivax ruber;-_Halovivax ruber XH-70
pgaptmp_002090_1	A0A8J7ZMN7	2.127E-35	149	40	280	-_cellular organisms;d_Archaea;p_Euryarchaeota;-_Stenosarchaea group;c_Halobacteria;o_Halobacteriales;f_Halorubellaceae;g_Halorubellus;-_unclassified Halorubellus;s_Halorubellus sp. JP-L1
pgaptmp_002090_1	A0A1G8V2I7	2.127E-35	149	17	288	-_cellular organisms;d_Archaea;p_Euryarchaeota;-_Stenosarchaea group;c_Halobacteria;o_Natrialbales;f_Natrialbaceae;g_Natronorubrum;s_Natronorubrum texcoconense
pgaptmp_002090_1	A0A9E7STM1	7.347E-35	147	58	281	-_cellular organisms;d_Archaea;p_Euryarchaeota;-_Stenosarchaea group;c_Halobacteria;o_Natrialbales;f_Natrialbaceae;g_Natronosalvus;s_Natronosalvus rutilus
pgaptmp_002090_1	A0A6B0T947	7.347E-35	147	69	316	-_cellular organisms;d_Archaea;p_Euryarchaeota;-_Stenosarchaea group;c_Halobacteria;o_Halobacteriales;f_Haloarculaceae;g_Halovenus;s_Halovenus carboxidivorans
pgaptmp_002090_1	A0A1N6YR21	1.861E-34	146	16	287	-_cellular organisms;d_Archaea;p_Euryarchaeota;-_Stenosarchaea group;c_Halobacteria;o_Halobacteriales;f_Haladaptataceae;g_Haladaptatus;s_Haladaptatus litoreus
pgaptmp_002090_1	A0A2R6GJ55	8.753E-34	144	41	275	-_cellular organisms;d_Archaea;p_Euryarchaeota;-_Stenosarchaea group;c_Halobacteria;o_Halobacteriales;-_unclassified Halobacteriales;s_Halobacteriales archaeon QS_1_68_20
pgaptmp_002090_1	M0B9C6	2.215E-33	143	34	256	-_cellular organisms;d_Archaea;p_Euryarchaeota;-_Stenosarchaea group;c_Halobacteria;o_Natrialbales;f_Natrialbaceae;g_Halovivax;s_Halovivax asiaticus;-_Halovivax asiaticus JCM 14624
pgaptmp_002090_1	A0A2R6KDZ0	4.246E-31	136	7	267	-_cellular organisms;d_Archaea;p_Euryarchaeota;-_Stenosarchaea group;c_Halobacteria;o_Halobacteriales;-_unclassified Halobacteriales;s_Halobacteriales archaeon QS_9_68_17
pgaptmp_002090_1	A0A847UIV1	5.783E-31	136	18	264	-_cellular organisms;d_Archaea;p_Euryarchaeota;-_Stenosarchaea group;c_Halobacteria;o_Halobacteriales;f_Haloarculaceae;g_Haloarcula;s_Haloarcula argentinensis
pgaptmp_002090_1	A0A482TKS1	5.783E-31	136	5	280	-_cellular organisms;d_Archaea;p_Euryarchaeota;-_Stenosarchaea group;c_Halobacteria;o_Halobacteriales;f_Haloarculaceae;g_Haloarcula;s_Haloarcula hispanica
pgaptmp_002090_1	A0A5J5LPB7	7.875E-31	135	5	280	-_cellular organisms;d_Archaea;p_Euryarchaeota;-_Stenosarchaea group;c_Halobacteria;o_Halobacteriales;f_Haloarculaceae;g_Haloarcula;s_Haloarcula hispanica
pgaptmp_002090_1	A0A498KX20	7.875E-31	135	17	298	-_cellular organisms;d_Archaea;p_Euryarchaeota;-_Stenosarchaea group;c_Halobacteria;o_Halobacteriales;f_Haloarculaceae;g_Halorientalis;s_Halorientalis pallida
pgaptmp_002090_1	A0A166S7I3	1.072E-30	135	18	289	-_cellular organisms;d_Archaea;p_Euryarchaeota;-_Stenosarchaea group;c_Halobacteria;o_Halobacteriales;f_Haladaptataceae;g_Haladaptatus;-_unclassified Haladaptatus;s_Haladaptatus sp. R4
pgaptmp_002090_1	E7QUV3	1.460E-30	134	15	286	-_cellular organisms;d_Archaea;p_Euryarchaeota;-_Stenosarchaea group;c_Halobacteria;o_Halobacteriales;f_Haladaptataceae;g_Haladaptatus;s_Haladaptatus paucihalophilus;-_Haladaptatus paucihalophilus DX253
pgaptmp_002090_1	A0A830EFI2	1.988E-30	134	15	261	-_cellular organisms;d_Archaea;p_Euryarchaeota;-_Stenosarchaea group;c_Halobacteria;o_Halobacteriales;f_Haloarculaceae;g_Haloarcula;s_Haloarcula sebkhae
pgaptmp_002090_1	A0A9Q4GGG8	2.707E-30	134	81	311	-_cellular organisms;d_Archaea;p_Euryarchaeota;-_Stenosarchaea group;c_Halobacteria;o_Halorutilales;f_Halorutilaceae;g_Halorutilus;s_Halorutilus salinus
pgaptmp_002090_1	G0HXH4	5.018E-30	133	18	264	-_cellular organisms;d_Archaea;p_Euryarchaeota;-_Stenosarchaea group;c_Halobacteria;o_Halobacteriales;f_Haloarculaceae;g_Haloarcula;s_Haloarcula hispanica;-_Haloarcula hispanica ATCC 33960
pgaptmp_002090_1	A0A0B5GHC8	5.018E-30	133	18	264	-_cellular organisms;d_Archaea;p_Euryarchaeota;-_Stenosarchaea group;c_Halobacteria;o_Halobacteriales;f_Haloarculaceae;g_Haloarcula;-_unclassified Haloarcula;s_Haloarcula sp. CBA1115
pgaptmp_002090_1	V5TQ60	5.018E-30	133	18	264	-_cellular organisms;d_Archaea;p_Euryarchaeota;-_Stenosarchaea group;c_Halobacteria;o_Halobacteriales;f_Haloarculaceae;g_Haloarcula;s_Haloarcula hispanica;-_Haloarcula hispanica N601
pgaptmp_002090_1	A0A165LUI8	5.018E-30	133	18	264	-_cellular organisms;d_Archaea;p_Euryarchaeota;-_Stenosarchaea group;c_Halobacteria;o_Halobacteriales;f_Haloarculaceae;g_Haloarcula;-_unclassified Haloarcula;s_Haloarcula sp. K1
pgaptmp_002090_1	A0A2R6HHF1	5.018E-30	133	12	279	-_cellular organisms;d_Archaea;p_Euryarchaeota;-_Stenosarchaea group;c_Halobacteria;o_Halobacteriales;-_unclassified Halobacteriales;s_Halobacteriales archaeon QS_4_66_20
pgaptmp_002090_1	A0A2R6N584	6.831E-30	132	12	279	-_cellular organisms;d_Archaea;p_Euryarchaeota;-_Stenosarchaea group;c_Halobacteria;o_Halobacteriales;-_unclassified Halobacteriales;s_Halobacteriales archaeon SW_8_66_22
pgaptmp_002090_1	M0K7H4	9.299E-30	132	18	264	-_cellular organisms;d_Archaea;p_Euryarchaeota;-_Stenosarchaea group;c_Halobacteria;o_Halobacteriales;f_Haloarculaceae;g_Haloarcula;s_Haloarcula amylolytica;-_Haloarcula amylolytica JCM 13557
pgaptmp_002090_1	A0A1G7NPL8	9.299E-30	132	11	279	-_cellular organisms;d_Archaea;p_Euryarchaeota;-_Stenosarchaea group;c_Halobacteria;o_Halobacteriales;f_Haloarculaceae;g_Halorientalis;s_Halorientalis regularis
pgaptmp_002090_1	A0A1D2QAF5	1.266E-29	132	15	286	-_cellular organisms;d_Archaea;p_Euryarchaeota;-_Stenosarchaea group;c_Halobacteria;o_Halobacteriales;f_Haladaptataceae;g_Haladaptatus;-_unclassified Haladaptatus;s_Haladaptatus sp. W1
pgaptmp_002090_1	A0A9C7Q647	4.345E-29	130	36	268	-_cellular organisms;d_Archaea;p_Euryarchaeota;-_Stenosarchaea group;c_Halobacteria;o_Halobacteriales;f_Haladaptataceae;g_Haladaptatus;-_unclassified Haladaptatus;s_Haladaptatus sp. T7
pgaptmp_002090_1	A0A830FVE2	5.913E-29	130	18	264	-_cellular organisms;d_Archaea;p_Euryarchaeota;-_Stenosarchaea group;c_Halobacteria;o_Halobacteriales;f_Haloarculaceae;g_Haloarcula;s_Haloarcula argentinensis
pgaptmp_002090_1	A0A847TIE2	5.913E-29	130	15	290	-_cellular organisms;d_Archaea;p_Euryarchaeota;-_Stenosarchaea group;c_Halobacteria;o_Halobacteriales;f_Haloarculaceae;g_Haloarcula;s_Haloarcula rubripromontorii
pgaptmp_002090_1	A0A5N1L6D8	1.490E-28	128	32	264	-_cellular organisms;d_Archaea;p_Euryarchaeota;-_Stenosarchaea group;c_Halobacteria;o_Halobacteriales;f_Haloarculaceae;g_Haloarcula;-_unclassified Haloarcula;s_Haloarcula sp. CBA1130
pgaptmp_002090_1	A0A5J5LDV1	1.490E-28	128	32	264	-_cellular organisms;d_Archaea;p_Euryarchaeota;-_Stenosarchaea group;c_Halobacteria;o_Halobacteriales;f_Haloarculaceae;g_Haloarcula;-_unclassified Haloarcula;s_Haloarcula sp. CBA1129
pgaptmp_002090_1	A0A2H5A2J4	2.759E-28	128	32	264	-_cellular organisms;d_Archaea;p_Euryarchaeota;-_Stenosarchaea group;c_Halobacteria;o_Halobacteriales;f_Haloarculaceae;g_Haloarcula;s_Haloarcula taiwanensis
pgaptmp_002090_1	A0A3R7G447	2.759E-28	128	32	264	-_cellular organisms;d_Archaea;p_Euryarchaeota;-_Stenosarchaea group;c_Halobacteria;o_Halobacteriales;f_Haloarculaceae;g_Haloarcula;-_unclassified Haloarcula;s_Haloarcula sp. Atlit-120R
pgaptmp_002090_1	A0A3R7FRG0	2.759E-28	128	32	264	-_cellular organisms;d_Archaea;p_Euryarchaeota;-_Stenosarchaea group;c_Halobacteria;o_Halobacteriales;f_Haloarculaceae;g_Haloarcula;-_unclassified Haloarcula;s_Haloarcula sp. Atlit-47R
pgaptmp_002090_1	A0A0N0BPM7	2.759E-28	128	32	264	-_cellular organisms;d_Archaea;p_Euryarchaeota;-_Stenosarchaea group;c_Halobacteria;o_Halobacteriales;f_Haloarculaceae;g_Haloarcula;s_Haloarcula rubripromontorii
pgaptmp_002090_1	A0A498GIW2	1.286E-27	126	32	264	-_cellular organisms;d_Archaea;p_Euryarchaeota;-_Stenosarchaea group;c_Halobacteria;o_Halobacteriales;f_Haloarculaceae;g_Haloarcula;-_unclassified Haloarcula;s_Haloarcula sp. Atlit-7R
pgaptmp_002090_1	A0A6A7LJP9	2.379E-27	125	76	318	-_cellular organisms;d_Archaea;-_TACK group;p_Nitrososphaerota;c_Nitrososphaeria;o_Nitrososphaerales;f_Nitrososphaeraceae;-_unclassified Nitrososphaeraceae;s_Nitrososphaeraceae archaeon
pgaptmp_002090_1	A0A1Q1FMJ7	2.782E-26	122	20	251	-_cellular organisms;d_Archaea;p_Euryarchaeota;-_Stenosarchaea group;c_Halobacteria;o_Halobacteriales;f_Haloarculaceae;g_Halorientalis;-_unclassified Halorientalis;s_Halorientalis sp. IM1011
pgaptmp_002090_1	A0A3N5VVJ6	3.782E-26	121	29	252	-_cellular organisms;d_Archaea;-_TACK group;p_Nitrososphaerota;c_Nitrososphaeria;o_Nitrosopumilales;-_unclassified Nitrosopumilales;s_Nitrosopumilales archaeon
pgaptmp_002090_1	A0A495R8U6	5.142E-26	121	58	290	-_cellular organisms;d_Archaea;p_Euryarchaeota;-_Stenosarchaea group;c_Halobacteria;o_Halobacteriales;f_Haloarculaceae;g_Haloarcula;s_Haloarcula quadrata
pgaptmp_002090_1	A0A1H8N4I1	6.989E-26	121	11	279	-_cellular organisms;d_Archaea;p_Euryarchaeota;-_Stenosarchaea group;c_Halobacteria;o_Halobacteriales;f_Haloarculaceae;g_Halorientalis;s_Halorientalis persicus
pgaptmp_002090_1	A0A838TZW7	6.989E-26	121	34	300	-_cellular organisms;d_Archaea;-_TACK group;p_Nitrososphaerota;c_Nitrososphaeria;o_Nitrosopumilales;f_Nitrosopumilaceae;g_Nitrosopumilus;-_unclassified Nitrosopumilus;s_Nitrosopumilus sp.
pgaptmp_002090_1	A0A498L3X7	3.242E-25	119	11	278	-_cellular organisms;d_Archaea;p_Euryarchaeota;-_Stenosarchaea group;c_Halobacteria;o_Halobacteriales;f_Haloarculaceae;g_Halorientalis;s_Halorientalis pallida
pgaptmp_002090_1	A0A8J8C4B2	5.987E-25	118	63	320	-_cellular organisms;d_Archaea;p_Euryarchaeota;-_Stenosarchaea group;c_Halobacteria;o_Halobacteriales;f_Haloarculaceae;g_Halomicroarcula;s_Halomicroarcula limicola
pgaptmp_002090_1	A0A6A7LH89	5.113E-24	115	64	300	-_cellular organisms;d_Archaea;-_TACK group;p_Nitrososphaerota;c_Nitrososphaeria;o_Nitrososphaerales;f_Nitrososphaeraceae;-_unclassified Nitrososphaeraceae;s_Nitrososphaeraceae archaeon
pgaptmp_002090_1	A0A654M5S1	3.207E-23	113	39	305	-_cellular organisms;d_Archaea;-_TACK group;p_Nitrososphaerota;c_Nitrososphaeria;o_Nitrososphaerales;f_Nitrososphaeraceae;g_Nitrosocosmicus;s_Candidatus Nitrosocosmicus oleophilus
pgaptmp_002090_1	A0A961AEL5	2.006E-22	110	42	305	-_cellular organisms;d_Bacteria;-_unclassified Bacteria;s_bacterium
pgaptmp_002090_1	A0A9E6Z9W6	2.006E-22	110	42	305	-_cellular organisms;d_Bacteria;-_PVC group;p_Planctomycetota;c_Planctomycetia;o_Planctomycetales;-_unclassified Planctomycetales;s_Planctomycetales bacterium
pgaptmp_002090_1	A0A9Q4L4D4	5.014E-22	109	232	418	-_cellular organisms;d_Archaea;p_Euryarchaeota;-_Stenosarchaea group;c_Halobacteria;o_Natrialbales;f_Natrialbaceae;g_Natrinema;s_Natrinema salsiterrestre
pgaptmp_002090_1	A0A842Q411	6.803E-22	109	32	268	-_cellular organisms;d_Archaea;-_TACK group;p_Nitrososphaerota;c_Nitrososphaeria;o_Nitrososphaerales;f_Nitrososphaeraceae;-_unclassified Nitrososphaeraceae;s_Nitrososphaeraceae archaeon
pgaptmp_002090_1	A0A960Z4Y2	1.252E-21	108	81	305	-_cellular organisms;d_Bacteria;-_unclassified Bacteria;s_bacterium
pgaptmp_002090_1	A0A8J8Q722	1.364E-18	99	5	186	-_cellular organisms;d_Archaea;p_Euryarchaeota;-_Stenosarchaea group;c_Halobacteria;o_Natrialbales;f_Natrialbaceae;g_Natronococcus;s_Natronococcus pandeyae
pgaptmp_002090_1	A0A075IEY5	3.805E-17	94	6	223	-_cellular organisms;d_Archaea;-_TACK group;p_Nitrososphaerota;-_environmental samples;s_uncultured marine thaumarchaeote SAT1000_39_F02
pgaptmp_002090_1	A0A388QLV9	2.326E-16	92	6	222	-_cellular organisms;d_Archaea;-_TACK group;p_Nitrososphaerota;c_Nitrososphaeria;o_Nitrosopumilales;f_Nitrosopumilaceae;g_Nitrosarchaeum;-_unclassified Nitrosarchaeum;s_Nitrosarchaeum sp.
pgaptmp_002090_1	A0A4P5YED4	2.326E-16	92	6	222	-_cellular organisms;d_Archaea;-_TACK group;p_Nitrososphaerota;c_Nitrososphaeria;o_Nitrosopumilales;f_Nitrosopumilaceae;-_unclassified Nitrosopumilaceae;s_Nitrosopumilaceae archaeon
pgaptmp_002090_1	A0A075GFP7	3.144E-16	92	47	223	-_cellular organisms;d_Archaea;-_TACK group;p_Nitrososphaerota;-_environmental samples;s_uncultured marine thaumarchaeote KM3_153_B11
pgaptmp_002090_1	A0A075GAR9	3.144E-16	92	47	223	-_cellular organisms;d_Archaea;-_TACK group;p_Nitrososphaerota;-_environmental samples;s_uncultured marine thaumarchaeote KM3_08_B06
pgaptmp_002090_1	A0A838W7R1	3.144E-16	92	102	297	-_cellular organisms;d_Archaea;-_TACK group;p_Nitrososphaerota;c_Nitrososphaeria;o_Nitrosopumilales;f_Nitrosopumilaceae;g_Nitrosopumilus;-_unclassified Nitrosopumilus;s_Nitrosopumilus sp.
pgaptmp_002090_1	A0A7D5REW5	4.250E-16	91	6	219	-_cellular organisms;d_Archaea;-_TACK group;p_Nitrososphaerota;-_Nitrososphaerota incertae sedis;g_Nitrosotenuis;-_unclassified Candidatus Nitrosotenuis;s_Candidatus Nitrosotenuis sp. DW1
pgaptmp_002090_1	A0A7K4NUK8	4.250E-16	91	6	223	-_cellular organisms;d_Archaea;-_TACK group;p_Nitrososphaerota;-_Nitrososphaerota incertae sedis;-_Marine Group I;s_Marine Group I thaumarchaeote
pgaptmp_002090_1	A0A2G4JBX9	5.743E-16	91	3	220	-_cellular organisms;d_Archaea;-_TACK group;p_Nitrososphaerota;c_Nitrososphaeria;o_Nitrosopumilales;f_Nitrosopumilaceae;g_Nitrosarchaeum;-_unclassified Nitrosarchaeum;s_Nitrosarchaeum sp.
pgaptmp_002090_1	A0A838AIQ6	5.743E-16	91	3	220	-_cellular organisms;d_Archaea;-_TACK group;p_Nitrososphaerota;c_Nitrososphaeria;o_Nitrosopumilales;f_Nitrosopumilaceae;g_Nitrosarchaeum;-_unclassified Nitrosarchaeum;s_Nitrosarchaeum sp.
pgaptmp_002090_1	A0A8T4KAN1	5.743E-16	91	12	227	-_cellular organisms;d_Archaea;-_TACK group;p_Nitrososphaerota;-_unclassified Nitrososphaerota;s_Nitrososphaerota archaeon
pgaptmp_002090_1	A0A368B0K9	7.761E-16	91	5	228	-_cellular organisms;d_Archaea;-_TACK group;p_Nitrososphaerota;c_Nitrososphaeria;o_Nitrosopumilales;f_Nitrosopumilaceae;g_Nitrosopumilus;-_unclassified Nitrosopumilus;s_Nitrosopumilus sp.
pgaptmp_002090_1	A0A8T4X2H7	7.761E-16	91	6	219	-_cellular organisms;d_Archaea;-_TACK group;p_Nitrososphaerota;c_Nitrososphaeria;o_Nitrosopumilales;f_Nitrosopumilaceae;g_Nitrosarchaeum;-_unclassified Nitrosarchaeum;s_Nitrosarchaeum sp.
pgaptmp_002090_1	A0A7K4NNL9	7.761E-16	91	12	223	-_cellular organisms;d_Archaea;-_TACK group;p_Nitrososphaerota;-_Nitrososphaerota incertae sedis;-_Marine Group I;s_Marine Group I thaumarchaeote
pgaptmp_002090_1	A0A498KWM4	1.049E-15	90	37	227	-_cellular organisms;d_Archaea;p_Euryarchaeota;-_Stenosarchaea group;c_Halobacteria;o_Halobacteriales;f_Haloarculaceae;g_Halorientalis;s_Halorientalis pallida
pgaptmp_002090_1	A0A7D7V958	1.049E-15	90	5	233	-_cellular organisms;d_Archaea;-_TACK group;p_Nitrososphaerota;c_Nitrososphaeria;o_Nitrosopumilales;f_Nitrosopumilaceae;g_Nitrosopumilus;-_unclassified Nitrosopumilus;s_Nitrosopumilus sp.
pgaptmp_002090_1	A0A0A7V1B0	1.049E-15	90	7	225	-_cellular organisms;d_Archaea;-_TACK group;p_Nitrososphaerota;-_Nitrososphaerota incertae sedis;g_Candidatus Nitrosopelagicus;s_Candidatus Nitrosopelagicus brevis
pgaptmp_002090_1	L9WEY7	1.049E-15	90	88	281	-_cellular organisms;d_Archaea;p_Euryarchaeota;-_Stenosarchaea group;c_Halobacteria;o_Natrialbales;f_Natrialbaceae;g_Natronorubrum;s_Natronorubrum tibetense;-_Natronorubrum tibetense GA33
pgaptmp_002090_1	A0A7J9R9B0	1.417E-15	90	6	222	-_cellular organisms;d_Archaea;-_TACK group;p_Nitrososphaerota;c_Nitrososphaeria;o_Nitrosopumilales;f_Nitrosopumilaceae;-_unclassified Nitrosopumilaceae;s_Nitrosopumilaceae archaeon
pgaptmp_002090_1	A0A7J9R3Z3	1.417E-15	90	6	222	-_cellular organisms;d_Archaea;-_TACK group;p_Nitrososphaerota;c_Nitrososphaeria;o_Nitrosopumilales;f_Nitrosopumilaceae;-_unclassified Nitrosopumilaceae;s_Nitrosopumilaceae archaeon
pgaptmp_002090_1	A0A835WXQ3	1.417E-15	90	8	223	-_cellular organisms;d_Archaea;-_TACK group;p_Nitrososphaerota;c_Nitrososphaeria;o_Nitrosopumilales;-_unclassified Nitrosopumilales;s_Nitrosopumilales archaeon
pgaptmp_002090_1	A0A075GXT2	1.914E-15	89	6	221	-_cellular organisms;d_Archaea;-_TACK group;p_Nitrososphaerota;-_environmental samples;s_uncultured marine thaumarchaeote KM3_199_C08
pgaptmp_002090_1	A0A075GE09	1.914E-15	89	6	221	-_cellular organisms;d_Archaea;-_TACK group;p_Nitrososphaerota;-_environmental samples;s_uncultured marine thaumarchaeote KM3_151_D03
pgaptmp_002090_1	A0A8T5FD25	1.914E-15	89	7	225	-_cellular organisms;d_Archaea;-_TACK group;p_Nitrososphaerota;-_Nitrososphaerota incertae sedis;g_Candidatus Nitrosopelagicus;-_unclassified Candidatus Nitrosopelagicus;s_Candidatus Nitrosopelagicus sp.
pgaptmp_002090_1	A0A075H3R4	1.914E-15	89	12	227	-_cellular organisms;d_Archaea;-_TACK group;p_Nitrososphaerota;-_environmental samples;s_uncultured marine thaumarchaeote KM3_31_F03
pgaptmp_002090_1	A0A7K4NGF9	2.585E-15	89	47	229	-_cellular organisms;d_Archaea;-_TACK group;p_Nitrososphaerota;-_Nitrososphaerota incertae sedis;-_Marine Group I;s_Marine Group I thaumarchaeote
pgaptmp_002090_1	A0A9D2X5K2	3.491E-15	89	38	230	-_cellular organisms;d_Archaea;-_TACK group;p_Nitrososphaerota;c_Nitrososphaeria;o_Nitrosopumilales;f_Nitrosopumilaceae;g_Nitrosopumilus;-_unclassified Nitrosopumilus;s_Nitrosopumilus sp. b1
pgaptmp_002090_1	A0A3G1B5N0	3.491E-15	89	8	234	-_cellular organisms;d_Archaea;-_TACK group;p_Nitrososphaerota;-_Nitrososphaerota incertae sedis;g_Nitrosotenuis;s_Candidatus Nitrosotenuis cloacae
pgaptmp_002090_1	A0A075FKQ7	3.491E-15	89	6	223	-_cellular organisms;d_Archaea;-_TACK group;p_Nitrososphaerota;-_environmental samples;s_uncultured marine thaumarchaeote AD1000_19_G10
pgaptmp_002090_1	A0A075HUK9	3.491E-15	89	6	223	-_cellular organisms;d_Archaea;-_TACK group;p_Nitrososphaerota;-_environmental samples;s_uncultured marine thaumarchaeote KM3_86_E11
pgaptmp_002090_1	A0A7D5RI65	3.491E-15	89	4	219	-_cellular organisms;d_Archaea;-_TACK group;p_Nitrososphaerota;c_Nitrososphaeria;o_Nitrosopumilales;f_Nitrosopumilaceae;g_Nitrosarchaeum;-_unclassified Nitrosarchaeum;s_Nitrosarchaeum sp. AC2
pgaptmp_002090_1	A0A842NU99	3.491E-15	89	47	223	-_cellular organisms;d_Archaea;-_TACK group;p_Nitrososphaerota;-_unclassified Nitrososphaerota;s_Nitrososphaerota archaeon
pgaptmp_002090_1	A0A7K4P4Y1	6.365E-15	88	40	218	-_cellular organisms;d_Archaea;-_TACK group;p_Nitrososphaerota;-_Nitrososphaerota incertae sedis;-_Marine Group I;s_Marine Group I thaumarchaeote
pgaptmp_002090_1	A0A7K4NJE5	6.365E-15	88	40	218	-_cellular organisms;d_Archaea;-_TACK group;p_Nitrososphaerota;-_Nitrososphaerota incertae sedis;-_Marine Group I;s_Marine Group I thaumarchaeote
pgaptmp_002090_1	A0A7K4N5H5	6.365E-15	88	40	218	-_cellular organisms;d_Archaea;-_TACK group;p_Nitrososphaerota;-_Nitrososphaerota incertae sedis;-_Marine Group I;s_Marine Group I thaumarchaeote
pgaptmp_002090_1	A0A7K4MLA7	6.365E-15	88	7	218	-_cellular organisms;d_Archaea;-_TACK group;p_Nitrososphaerota;-_Nitrososphaerota incertae sedis;-_Marine Group I;s_Marine Group I thaumarchaeote
pgaptmp_002090_1	A0A843CQI4	6.365E-15	88	6	224	-_cellular organisms;d_Archaea;-_TACK group;p_Nitrososphaerota;-_Nitrososphaerota incertae sedis;g_Nitrosotenuis;-_unclassified Candidatus Nitrosotenuis;s_Candidatus Nitrosotenuis sp.
pgaptmp_002090_1	A0A075HE99	6.365E-15	88	7	225	-_cellular organisms;d_Archaea;-_TACK group;p_Nitrososphaerota;-_environmental samples;s_uncultured marine thaumarchaeote KM3_57_B01
pgaptmp_002090_1	A0A7J9R018	8.593E-15	87	6	222	-_cellular organisms;d_Archaea;-_TACK group;p_Nitrososphaerota;c_Nitrososphaeria;o_Nitrosopumilales;f_Nitrosopumilaceae;-_unclassified Nitrosopumilaceae;s_Nitrosopumilaceae archaeon
pgaptmp_002090_1	A0A842P7L1	8.593E-15	87	3	221	-_cellular organisms;d_Archaea;-_TACK group;p_Nitrososphaerota;c_Nitrososphaeria;o_Nitrosopumilales;f_Nitrosopumilaceae;g_Nitrosopumilus;-_unclassified Nitrosopumilus;s_Nitrosopumilus sp.
pgaptmp_002090_1	A0A2G9MUG9	8.593E-15	87	6	219	-_cellular organisms;d_Archaea;-_TACK group;p_Nitrososphaerota;c_Nitrososphaeria;o_Nitrosopumilales;-_unclassified Nitrosopumilales;s_Nitrosopumilales archaeon CG11_big_fil_rev_8_21_14_0_20_33_24
pgaptmp_002090_1	A0A8B2HRE8	8.593E-15	87	6	219	-_cellular organisms;d_Archaea;-_TACK group;p_Nitrososphaerota;c_Nitrososphaeria;o_Nitrosopumilales;f_Nitrosopumilaceae;g_Nitrosopumilus;-_unclassified Nitrosopumilus;s_Nitrosopumilus sp. K4
pgaptmp_002090_1	A0A521T9K2	8.593E-15	87	41	219	-_cellular organisms;d_Archaea;-_TACK group;p_Nitrososphaerota;c_Nitrososphaeria;o_Nitrosopumilales;f_Nitrosopumilaceae;g_Nitrosarchaeum;-_unclassified Nitrosarchaeum;s_Nitrosarchaeum sp.
pgaptmp_002090_1	A0RXE4	1.160E-14	87	35	204	-_cellular organisms;d_Archaea;-_TACK group;p_Nitrososphaerota;o_Cenarchaeales;f_Cenarchaeaceae;g_Cenarchaeum;s_Cenarchaeum symbiosum;-_Cenarchaeum symbiosum A
pgaptmp_002090_1	A0A2H9R9P5	1.160E-14	87	6	219	-_cellular organisms;d_Archaea;-_TACK group;p_Nitrososphaerota;c_Nitrososphaeria;o_Nitrosopumilales;-_unclassified Nitrosopumilales;s_Nitrosopumilales archaeon CG_4_9_14_0_8_um_filter_34_10
pgaptmp_002090_1	A0A075GH36	1.160E-14	87	7	225	-_cellular organisms;d_Archaea;-_TACK group;p_Nitrososphaerota;-_environmental samples;s_uncultured marine thaumarchaeote KM3_164_C03
pgaptmp_002090_1	A0A2E3KFS8	1.160E-14	87	47	229	-_cellular organisms;d_Archaea;-_TACK group;p_Nitrososphaerota;-_unclassified Nitrososphaerota;s_Nitrososphaerota archaeon
pgaptmp_002090_1	A0A075GWP7	1.160E-14	87	12	227	-_cellular organisms;d_Archaea;-_TACK group;p_Nitrososphaerota;-_environmental samples;s_uncultured marine thaumarchaeote KM3_190_B07
pgaptmp_002090_1	A0A2A3T353	1.160E-14	87	47	229	-_cellular organisms;d_Archaea;-_TACK group;p_Nitrososphaerota;c_Nitrososphaeria;o_Nitrosopumilales;-_unclassified Nitrosopumilales;s_Nitrosopumilales archaeon
pgaptmp_002090_1	A0A1H6RWL0	1.160E-14	87	56	280	-_cellular organisms;d_Archaea;p_Euryarchaeota;-_Stenosarchaea group;c_Halobacteria;o_Haloferacales;f_Halorubraceae;g_Halohasta;s_Halohasta litchfieldiae
pgaptmp_002090_1	A0A842Q7N0	1.566E-14	87	1	160	-_cellular organisms;d_Archaea;-_TACK group;p_Nitrososphaerota;c_Nitrososphaeria;o_Nitrososphaerales;f_Nitrososphaeraceae;-_unclassified Nitrososphaeraceae;s_Nitrososphaeraceae archaeon
pgaptmp_002090_1	F9CX96	1.566E-14	87	25	203	-_cellular organisms;d_Archaea;-_TACK group;p_Nitrososphaerota;c_Nitrososphaeria;o_Nitrosopumilales;f_Nitrosopumilaceae;g_Nitrosarchaeum;s_Nitrosarchaeum koreense;-_Nitrosarchaeum koreense MY1
pgaptmp_002090_1	A0A3M6KE94	1.566E-14	87	7	225	-_cellular organisms;d_Archaea;-_TACK group;p_Nitrososphaerota;-_Nitrososphaerota incertae sedis;g_Candidatus Nitrosopelagicus;-_unclassified Candidatus Nitrosopelagicus;s_Candidatus Nitrosopelagicus sp.
pgaptmp_002090_1	A0A7K4MYY1	1.566E-14	87	47	229	-_cellular organisms;d_Archaea;-_TACK group;p_Nitrososphaerota;-_Nitrososphaerota incertae sedis;-_Marine Group I;s_Marine Group I thaumarchaeote
pgaptmp_002090_1	A0A432FF52	1.566E-14	87	47	229	-_cellular organisms;d_Archaea;-_TACK group;p_Nitrososphaerota;-_unclassified Nitrososphaerota;s_Nitrososphaerota archaeon
pgaptmp_002090_1	A0A075H1J6	1.566E-14	87	12	227	-_cellular organisms;d_Archaea;-_TACK group;p_Nitrososphaerota;-_environmental samples;s_uncultured marine thaumarchaeote KM3_42_G11
pgaptmp_002090_1	A0A370LUJ7	2.113E-14	86	38	219	-_cellular organisms;d_Archaea;-_TACK group;p_Thermoproteota;-_unclassified Thermoproteota;s_Thermoproteota archaeon
pgaptmp_002090_1	A0A7K4FZD1	2.113E-14	86	6	221	-_cellular organisms;d_Archaea;-_TACK group;p_Nitrososphaerota;c_Nitrososphaeria;o_Nitrosopumilales;f_Nitrosopumilaceae;g_Nitrosarchaeum;-_unclassified Nitrosarchaeum;s_Nitrosarchaeum sp.
pgaptmp_002090_1	A0A075HMJ5	2.113E-14	86	47	225	-_cellular organisms;d_Archaea;-_TACK group;p_Nitrososphaerota;-_environmental samples;s_uncultured marine thaumarchaeote KM3_78_D07
pgaptmp_002090_1	A0A842N555	2.113E-14	86	7	228	-_cellular organisms;d_Archaea;-_TACK group;p_Nitrososphaerota;-_Nitrososphaerota incertae sedis;g_Candidatus Nitrosopelagicus;-_unclassified Candidatus Nitrosopelagicus;s_Candidatus Nitrosopelagicus sp.
pgaptmp_002090_1	A0A2E7RQV6	2.113E-14	86	7	225	-_cellular organisms;d_Archaea;-_TACK group;p_Nitrososphaerota;-_Nitrososphaerota incertae sedis;g_Candidatus Nitrosopelagicus;-_unclassified Candidatus Nitrosopelagicus;s_Candidatus Nitrosopelagicus sp.
pgaptmp_002090_1	A0A2A3T0Y3	2.851E-14	86	12	229	-_cellular organisms;d_Archaea;-_TACK group;p_Nitrososphaerota;c_Nitrososphaeria;o_Nitrosopumilales;-_unclassified Nitrosopumilales;s_Nitrosopumilales archaeon
pgaptmp_002090_1	A0A7K4NE59	2.851E-14	86	12	229	-_cellular organisms;d_Archaea;-_TACK group;p_Nitrososphaerota;-_Nitrososphaerota incertae sedis;-_Marine Group I;s_Marine Group I thaumarchaeote
pgaptmp_002090_1	A0A7D5M1Y7	3.847E-14	85	5	221	-_cellular organisms;d_Archaea;-_TACK group;p_Nitrososphaerota;c_Nitrososphaeria;o_Nitrosopumilales;f_Nitrosopumilaceae;g_Nitrosopumilus;s_Nitrosopumilus cobalaminigenes
pgaptmp_002090_1	A0A075HPP9	3.847E-14	85	12	227	-_cellular organisms;d_Archaea;-_TACK group;p_Nitrososphaerota;-_environmental samples;s_uncultured marine thaumarchaeote KM3_74_C01
pgaptmp_002090_1	V6ASY8	3.847E-14	85	53	241	-_cellular organisms;d_Archaea;-_TACK group;p_Nitrososphaerota;-_Nitrososphaerota incertae sedis;g_Nitrosotenuis;s_Candidatus Nitrosotenuis uzonensis
pgaptmp_002090_1	A0A1Q1FI16	5.191E-14	85	36	227	-_cellular organisms;d_Archaea;p_Euryarchaeota;-_Stenosarchaea group;c_Halobacteria;o_Halobacteriales;f_Haloarculaceae;g_Halorientalis;-_unclassified Halorientalis;s_Halorientalis sp. IM1011
pgaptmp_002090_1	A0A7D5R6H4	5.191E-14	85	40	220	-_cellular organisms;d_Archaea;-_TACK group;p_Nitrososphaerota;c_Nitrososphaeria;o_Nitrosopumilales;f_Nitrosopumilaceae;g_Nitrosopumilus;s_Nitrosopumilus ureiphilus
pgaptmp_002090_1	A0A2A3TCX4	5.191E-14	85	6	222	-_cellular organisms;d_Archaea;-_TACK group;p_Nitrososphaerota;-_unclassified Nitrososphaerota;s_Nitrososphaerota archaeon
pgaptmp_002090_1	A0A812F5V9	5.191E-14	85	53	241	-_cellular organisms;d_Archaea;-_TACK group;p_Nitrososphaerota;-_Nitrososphaerota incertae sedis;g_Nitrosotenuis;s_Candidatus Nitrosotenuis uzonensis
pgaptmp_002090_1	B3T9R0	7.002E-14	85	13	195	-_cellular organisms;d_Archaea;-_TACK group;p_Nitrososphaerota;c_Nitrososphaeria;o_Nitrosopumilales;-_environmental samples;s_uncultured marine crenarchaeote HF4000_APKG7F19
pgaptmp_002090_1	A0A7K4EXI0	7.002E-14	85	5	233	-_cellular organisms;d_Archaea;-_TACK group;p_Nitrososphaerota;c_Nitrososphaeria;o_Nitrosopumilales;f_Nitrosopumilaceae;g_Nitrosopumilus;-_unclassified Nitrosopumilus;s_Nitrosopumilus sp.
pgaptmp_002090_1	I3D2F8	7.002E-14	85	3	233	-_cellular organisms;d_Archaea;-_TACK group;p_Nitrososphaerota;c_Nitrososphaeria;o_Nitrosopumilales;f_Nitrosopumilaceae;g_Nitrosopumilus;s_Candidatus Nitrosopumilus salaria;-_Candidatus Nitrosopumilus salaria BD31
pgaptmp_002090_1	A0A8T5H8H0	7.002E-14	85	5	221	-_cellular organisms;d_Archaea;-_TACK group;p_Nitrososphaerota;c_Nitrososphaeria;o_Nitrosopumilales;f_Nitrosopumilaceae;g_Nitrosopumilus;-_unclassified Nitrosopumilus;s_Nitrosopumilus sp.
pgaptmp_002090_1	A0A842Q6H6	9.444E-14	84	54	215	-_cellular organisms;d_Archaea;-_TACK group;p_Nitrososphaerota;c_Nitrososphaeria;o_Nitrososphaerales;f_Nitrososphaeraceae;-_unclassified Nitrososphaeraceae;s_Nitrososphaeraceae archaeon
pgaptmp_002090_1	K0BD28	9.444E-14	84	5	221	-_cellular organisms;d_Archaea;-_TACK group;p_Nitrososphaerota;c_Nitrososphaeria;o_Nitrosopumilales;f_Nitrosopumilaceae;g_Nitrosopumilus;s_Candidatus Nitrosopumilus sediminis
pgaptmp_002090_1	A0A087RW72	9.444E-14	84	5	218	-_cellular organisms;d_Archaea;-_TACK group;p_Nitrososphaerota;-_Nitrososphaerota incertae sedis;-_Marine Group I;s_Marine Group I thaumarchaeote SCGC RSA3
pgaptmp_002090_1	A0A514LCL5	9.444E-14	84	5	218	-_cellular organisms;d_Archaea;-_TACK group;p_Nitrososphaerota;c_Nitrososphaeria;o_Nitrosopumilales;f_Nitrosopumilaceae;g_Nitrosopumilus;-_unclassified Nitrosopumilus;s_Candidatus Nitrosopumilus sp. SW
pgaptmp_002090_1	A0A087S871	9.444E-14	84	5	218	-_cellular organisms;d_Archaea;-_TACK group;p_Nitrososphaerota;-_Nitrososphaerota incertae sedis;-_Marine Group I;s_Marine Group I thaumarchaeote SCGC AAA799-B03
pgaptmp_002090_1	A0A087RR85	9.444E-14	84	5	218	-_cellular organisms;d_Archaea;-_TACK group;p_Nitrososphaerota;-_Nitrososphaerota incertae sedis;-_Marine Group I;s_Marine Group I thaumarchaeote SCGC AAA799-D11
pgaptmp_002090_1	A0A081RPZ9	9.444E-14	84	5	218	-_cellular organisms;d_Archaea;-_TACK group;p_Nitrososphaerota;-_Nitrososphaerota incertae sedis;-_Marine Group I;s_Marine Group I thaumarchaeote SCGC AAA799-N04
pgaptmp_002090_1	A0A522YW28	1.274E-13	84	2	219	-_cellular organisms;d_Archaea;-_TACK group;p_Nitrososphaerota;-_Nitrososphaerota incertae sedis;g_Nitrosotenuis;-_unclassified Candidatus Nitrosotenuis;s_Candidatus Nitrosotenuis sp.
pgaptmp_002090_1	A0A7J9QBH3	1.274E-13	84	5	221	-_cellular organisms;d_Archaea;-_TACK group;p_Nitrososphaerota;c_Nitrososphaeria;o_Nitrosopumilales;f_Nitrosopumilaceae;-_unclassified Nitrosopumilaceae;s_Nitrosopumilaceae archaeon
pgaptmp_002090_1	A0A843BN56	1.717E-13	83	5	218	-_cellular organisms;d_Archaea;-_TACK group;p_Nitrososphaerota;c_Nitrososphaeria;o_Nitrosopumilales;f_Nitrosopumilaceae;g_Nitrosopumilus;-_unclassified Nitrosopumilus;s_Nitrosopumilus sp.
pgaptmp_002090_1	A9A2E7	1.717E-13	83	5	218	-_cellular organisms;d_Archaea;-_TACK group;p_Nitrososphaerota;c_Nitrososphaeria;o_Nitrosopumilales;f_Nitrosopumilaceae;g_Nitrosopumilus;s_Nitrosopumilus maritimus;-_Nitrosopumilus maritimus SCM1
pgaptmp_002090_1	A0A2Z2HKI6	1.717E-13	83	5	221	-_cellular organisms;d_Archaea;-_TACK group;p_Nitrososphaerota;c_Nitrososphaeria;o_Nitrosopumilales;f_Nitrosopumilaceae;g_Nitrosomarinus;s_Candidatus Nitrosomarinus catalina
pgaptmp_002090_1	A0A3M6KDF1	1.717E-13	83	5	218	-_cellular organisms;d_Archaea;-_TACK group;p_Nitrososphaerota;c_Nitrososphaeria;o_Nitrosopumilales;f_Nitrosopumilaceae;g_Nitrosopumilus;-_unclassified Nitrosopumilus;s_Nitrosopumilus sp.
pgaptmp_002090_1	A0A838YJC3	2.315E-13	83	40	221	-_cellular organisms;d_Archaea;-_TACK group;p_Nitrososphaerota;c_Nitrososphaeria;o_Nitrosopumilales;f_Nitrosopumilaceae;g_Nitrosopumilus;-_unclassified Nitrosopumilus;s_Nitrosopumilus sp.
pgaptmp_002090_1	A0A8T4XCF7	2.315E-13	83	41	222	-_cellular organisms;d_Archaea;-_TACK group;p_Nitrososphaerota;c_Nitrososphaeria;o_Nitrosopumilales;f_Nitrosopumilaceae;g_Nitrosarchaeum;-_unclassified Nitrosarchaeum;s_Nitrosarchaeum sp.
pgaptmp_002090_1	A0A1H8HD95	4.207E-13	82	36	220	-_cellular organisms;d_Archaea;p_Euryarchaeota;-_Stenosarchaea group;c_Halobacteria;o_Halobacteriales;f_Haloarculaceae;g_Halorientalis;s_Halorientalis persicus
pgaptmp_002090_1	A0A2E0QGV4	4.207E-13	82	3	219	-_cellular organisms;d_Archaea;-_TACK group;p_Nitrososphaerota;-_unclassified Nitrososphaerota;s_Nitrososphaerota archaeon
pgaptmp_002090_1	B3V596	4.207E-13	82	41	223	-_cellular organisms;d_Archaea;-_TACK group;p_Nitrososphaerota;c_Nitrososphaeria;o_Nitrosopumilales;-_environmental samples;s_uncultured marine crenarchaeote KM3-47-D6
pgaptmp_002090_1	A0A075HF93	5.670E-13	82	13	195	-_cellular organisms;d_Archaea;-_TACK group;p_Nitrososphaerota;-_environmental samples;s_uncultured marine thaumarchaeote KM3_69_H10
pgaptmp_002090_1	A0A7D5RAF2	5.670E-13	82	5	233	-_cellular organisms;d_Archaea;-_TACK group;p_Nitrososphaerota;c_Nitrososphaeria;o_Nitrosopumilales;f_Nitrosopumilaceae;g_Nitrosopumilus;s_Nitrosopumilus oxyclinae
pgaptmp_002090_1	A0A842NTQ9	5.670E-13	82	7	221	-_cellular organisms;d_Archaea;-_TACK group;p_Nitrososphaerota;c_Nitrososphaeria;o_Nitrosopumilales;f_Nitrosopumilaceae;g_Nitrosopumilus;-_unclassified Nitrosopumilus;s_Nitrosopumilus sp.
pgaptmp_002090_1	K0B968	5.670E-13	82	42	218	-_cellular organisms;d_Archaea;-_TACK group;p_Nitrososphaerota;c_Nitrososphaeria;o_Nitrosopumilales;f_Nitrosopumilaceae;g_Nitrosopumilus;s_Candidatus Nitrosopumilus koreensis;-_Candidatus Nitrosopumilus koreensis AR1
pgaptmp_002090_1	A0A0D5C1K9	5.670E-13	82	5	221	-_cellular organisms;d_Archaea;-_TACK group;p_Nitrososphaerota;c_Nitrososphaeria;o_Nitrosopumilales;f_Nitrosopumilaceae;g_Nitrosopumilus;s_Nitrosopumilus adriaticus
pgaptmp_002090_1	A0A381WB52	7.641E-13	81	41	221	-_unclassified entries;-_unclassified sequences;-_metagenomes;-_ecological metagenomes;s_marine metagenome
pgaptmp_002090_1	A0A7J9QGH3	7.641E-13	81	5	218	-_cellular organisms;d_Archaea;-_TACK group;p_Nitrososphaerota;c_Nitrososphaeria;o_Nitrosopumilales;f_Nitrosopumilaceae;-_unclassified Nitrosopumilaceae;s_Nitrosopumilaceae archaeon
pgaptmp_002090_1	A0A836V8R3	7.641E-13	81	41	223	-_cellular organisms;d_Archaea;-_TACK group;p_Nitrososphaerota;-_Nitrososphaerota incertae sedis;g_Candidatus Nitrosopelagicus;-_unclassified Candidatus Nitrosopelagicus;s_Candidatus Nitrosopelagicus sp.
pgaptmp_002090_1	A0A2V3IAA3	7.641E-13	81	41	223	-_cellular organisms;d_Archaea;-_TACK group;p_Nitrososphaerota;-_unclassified Nitrososphaerota;s_Nitrososphaerota archaeon
pgaptmp_002090_1	L9ZAE3	7.641E-13	81	33	234	-_cellular organisms;d_Archaea;p_Euryarchaeota;-_Stenosarchaea group;c_Halobacteria;o_Natrialbales;f_Natrialbaceae;g_Natrinema;s_Natrinema pallidum;-_Natrinema pallidum DSM 3751
pgaptmp_002090_1	A0A4P9TI00	7.641E-13	81	68	269	-_cellular organisms;d_Archaea;p_Euryarchaeota;-_Stenosarchaea group;c_Halobacteria;o_Natrialbales;f_Natrialbaceae;g_Natrinema;s_Natrinema pallidum
pgaptmp_002090_1	A0A7C7XHU1	1.030E-12	81	41	223	-_cellular organisms;d_Archaea;-_TACK group;p_Nitrososphaerota;-_Nitrososphaerota incertae sedis;g_Candidatus Nitrosopelagicus;-_unclassified Candidatus Nitrosopelagicus;s_Candidatus Nitrosopelagicus sp.
pgaptmp_002090_1	A0A3M6K0N5	1.030E-12	81	5	221	-_cellular organisms;d_Archaea;-_TACK group;p_Nitrososphaerota;c_Nitrososphaeria;o_Nitrosopumilales;f_Nitrosopumilaceae;g_Nitrosopumilus;-_unclassified Nitrosopumilus;s_Nitrosopumilus sp.
pgaptmp_002090_1	A0A8T5FE86	1.030E-12	81	7	237	-_cellular organisms;d_Archaea;-_TACK group;p_Nitrososphaerota;-_Nitrososphaerota incertae sedis;g_Candidatus Nitrosopelagicus;-_unclassified Candidatus Nitrosopelagicus;s_Candidatus Nitrosopelagicus sp.
pgaptmp_002090_1	A0A835SJB9	1.030E-12	81	9	227	-_cellular organisms;d_Archaea;-_TACK group;p_Nitrososphaerota;c_Nitrososphaeria;o_Nitrosopumilales;-_unclassified Nitrosopumilales;s_Nitrosopumilales archaeon
pgaptmp_002090_1	A0A3M6K3X3	1.387E-12	81	7	230	-_cellular organisms;d_Archaea;-_TACK group;p_Nitrososphaerota;c_Nitrososphaeria;o_Nitrosopumilales;f_Nitrosopumilaceae;g_Nitrosomarinus;-_unclassified Candidatus Nitrosomarinus;s_Candidatus Nitrosomarinus sp.
pgaptmp_002090_1	A0A3M6KE52	1.387E-12	81	6	219	-_cellular organisms;d_Archaea;-_TACK group;p_Nitrososphaerota;c_Nitrososphaeria;o_Nitrosopumilales;f_Nitrosopumilaceae;g_Nitrosopumilus;-_unclassified Nitrosopumilus;s_Nitrosopumilus sp.
pgaptmp_002090_1	S2EV40	1.868E-12	80	41	219	-_cellular organisms;d_Archaea;-_TACK group;p_Nitrososphaerota;c_Nitrososphaeria;o_Nitrosopumilales;f_Nitrosopumilaceae;g_Nitrosarchaeum;s_Candidatus Nitrosarchaeum limnium;-_Candidatus Nitrosarchaeum limnium BG20
pgaptmp_002090_1	A0A0T5ZCZ3	1.868E-12	80	44	227	-_cellular organisms;d_Archaea;-_TACK group;p_Nitrososphaerota;-_unclassified Nitrososphaerota;s_Thaumarchaeota archaeon CSP1-1
pgaptmp_002090_1	A0A5J4DVH6	1.868E-12	80	51	212	-_cellular organisms;d_Archaea;-_unclassified Archaea;s_archaeon MnTg01
pgaptmp_002090_1	A0A1G7U755	2.516E-12	80	26	217	-_cellular organisms;d_Archaea;p_Euryarchaeota;-_Stenosarchaea group;c_Halobacteria;o_Halobacteriales;f_Haloarculaceae;g_Halorientalis;s_Halorientalis regularis
pgaptmp_002090_1	A0A3N0A5P4	2.516E-12	80	40	231	-_cellular organisms;d_Archaea;-_TACK group;p_Nitrososphaerota;c_Nitrososphaeria;o_Nitrosopumilales;f_Nitrosopumilaceae;g_Nitrosopumilus;-_unclassified Nitrosopumilus;s_Nitrosopumilus sp. H8
pgaptmp_002090_1	A0A9D2X9D0	2.516E-12	80	5	221	-_cellular organisms;d_Archaea;-_TACK group;p_Nitrososphaerota;c_Nitrososphaeria;o_Nitrosopumilales;f_Nitrosopumilaceae;g_Nitrosopumilus;-_unclassified Nitrosopumilus;s_Nitrosopumilus sp. b3
pgaptmp_002090_1	A0A3M9ZI66	2.516E-12	80	46	243	-_cellular organisms;d_Archaea;-_TACK group;p_Nitrososphaerota;-_unclassified Nitrososphaerota;s_Thaumarchaeota archaeon S13
pgaptmp_002090_1	A0A3M9ZJB4	2.516E-12	80	46	243	-_cellular organisms;d_Archaea;-_TACK group;p_Nitrososphaerota;-_unclassified Nitrososphaerota;s_Thaumarchaeota archaeon S14
pgaptmp_002090_1	M0KAD2	2.516E-12	80	45	260	-_cellular organisms;d_Archaea;p_Euryarchaeota;-_Stenosarchaea group;c_Halobacteria;o_Halobacteriales;f_Haloarculaceae;g_Haloarcula;s_Haloarcula amylolytica;-_Haloarcula amylolytica JCM 13557
pgaptmp_002090_1	A0A2S2KSG3	3.389E-12	79	40	227	-_cellular organisms;d_Archaea;-_TACK group;p_Nitrososphaerota;c_Nitrososphaeria;o_Nitrosopumilales;f_Nitrosopumilaceae;g_Nitrosopumilus;s_Nitrosopumilus zosterae
pgaptmp_002090_1	A0A2H9RQQ8	3.389E-12	79	5	225	-_cellular organisms;d_Archaea;-_TACK group;p_Nitrososphaerota;c_Nitrososphaeria;o_Nitrosopumilales;-_unclassified Nitrosopumilales;s_Nitrosopumilales archaeon CG_4_9_14_0_2_um_filter_34_16
pgaptmp_002090_1	A0A2V3I8A3	3.389E-12	79	43	223	-_cellular organisms;d_Archaea;-_TACK group;p_Nitrososphaerota;-_unclassified Nitrososphaerota;s_Nitrososphaerota archaeon
pgaptmp_002090_1	A0A0R2NZ02	4.563E-12	79	7	221	-_cellular organisms;d_Archaea;-_TACK group;p_Nitrososphaerota;c_Nitrososphaeria;o_Nitrosopumilales;f_Nitrosopumilaceae;g_Nitrosopumilus;-_unclassified Nitrosopumilus;s_Nitrosopumilus sp. BACL13 MAG-120910-bin56
pgaptmp_002090_1	A0A832SNB6	4.563E-12	79	7	221	-_cellular organisms;d_Archaea;-_TACK group;p_Nitrososphaerota;c_Nitrososphaeria;o_Nitrosopumilales;f_Nitrosopumilaceae;g_Nitrosopumilus;-_unclassified Nitrosopumilus;s_Nitrosopumilus sp.
pgaptmp_002090_1	A0A0R2NVM4	4.563E-12	79	7	221	-_cellular organisms;d_Archaea;-_TACK group;p_Nitrososphaerota;c_Nitrososphaeria;o_Nitrosopumilales;f_Nitrosopumilaceae;g_Nitrosopumilus;-_unclassified Nitrosopumilus;s_Nitrosopumilus sp. BACL13 MAG-121220-bin23
pgaptmp_002090_1	A0A075IB59	6.143E-12	79	15	195	-_cellular organisms;d_Archaea;-_TACK group;p_Nitrososphaerota;-_environmental samples;s_uncultured marine thaumarchaeote SAT1000_22_C02
pgaptmp_002090_1	A0A832YBJ8	6.143E-12	79	40	220	-_cellular organisms;d_Archaea;-_TACK group;p_Nitrososphaerota;-_Nitrososphaerota incertae sedis;g_Candidatus Nitrosopelagicus;-_unclassified Candidatus Nitrosopelagicus;s_Candidatus Nitrosopelagicus sp.
pgaptmp_002090_1	A0A7C2XPU6	6.143E-12	79	43	222	-_cellular organisms;d_Archaea;-_TACK group;p_Nitrososphaerota;c_Nitrososphaeria;o_Nitrosopumilales;f_Nitrosopumilaceae;g_Nitrosopumilus;-_unclassified Nitrosopumilus;s_Nitrosopumilus sp.
pgaptmp_002090_1	A0A9Q4KW36	8.269E-12	78	3	221	-_cellular organisms;d_Archaea;-_TACK group;p_Nitrososphaerota;c_Nitrososphaeria;o_Nitrosopumilales;f_Nitrosopumilaceae;g_Nitrosopumilus;-_unclassified Nitrosopumilus;s_Nitrosopumilus sp.
pgaptmp_002090_1	A0A832RSQ7	8.269E-12	78	18	211	-_cellular organisms;d_Archaea;-_TACK group;p_Nitrososphaerota;-_Nitrososphaerota incertae sedis;g_Nitrosotenuis;-_unclassified Candidatus Nitrosotenuis;s_Candidatus Nitrosotenuis sp.
pgaptmp_002090_1	A0A522XLP4	1.113E-11	78	35	219	-_cellular organisms;d_Archaea;-_TACK group;p_Nitrososphaerota;-_Nitrososphaerota incertae sedis;g_Nitrosotenuis;-_unclassified Candidatus Nitrosotenuis;s_Candidatus Nitrosotenuis sp.
pgaptmp_002090_1	A0A381U248	1.113E-11	78	43	223	-_unclassified entries;-_unclassified sequences;-_metagenomes;-_ecological metagenomes;s_marine metagenome
pgaptmp_002090_1	A0A832VRI6	1.113E-11	78	18	211	-_cellular organisms;d_Archaea;-_TACK group;p_Nitrososphaerota;-_Nitrososphaerota incertae sedis;g_Nitrosotenuis;-_unclassified Candidatus Nitrosotenuis;s_Candidatus Nitrosotenuis sp.
pgaptmp_002090_1	A0A3M9ZTZ2	2.015E-11	77	40	231	-_cellular organisms;d_Archaea;-_TACK group;p_Nitrososphaerota;c_Nitrososphaeria;o_Nitrosopumilales;f_Nitrosopumilaceae;g_Nitrosopumilus;-_unclassified Nitrosopumilus;s_Nitrosopumilus sp. H13
pgaptmp_002090_1	A0A846N5A7	2.015E-11	77	43	222	-_cellular organisms;d_Archaea;-_TACK group;p_Nitrososphaerota;c_Nitrososphaeria;o_Nitrosopumilales;f_Nitrosopumilaceae;-_unclassified Nitrosopumilaceae;s_Nitrosopumilaceae archaeon
pgaptmp_002090_1	A0A846PXN8	2.015E-11	77	43	222	-_cellular organisms;d_Archaea;-_TACK group;p_Nitrososphaerota;c_Nitrososphaeria;-_unclassified Nitrososphaeria;s_Nitrososphaeria archaeon
pgaptmp_002090_1	A0A075HBL9	2.015E-11	77	47	227	-_cellular organisms;d_Archaea;-_TACK group;p_Nitrososphaerota;-_environmental samples;s_uncultured marine thaumarchaeote KM3_53_F08
pgaptmp_002090_1	A0A075GDE7	2.015E-11	77	47	227	-_cellular organisms;d_Archaea;-_TACK group;p_Nitrososphaerota;-_environmental samples;s_uncultured marine thaumarchaeote KM3_145_B06
pgaptmp_002090_1	A0A1Y3A5X3	2.711E-11	77	11	227	-_cellular organisms;d_Archaea;p_Euryarchaeota;-_Stenosarchaea group;c_Halobacteria;o_Haloferacales;f_Halorubraceae;g_Halorubrum;-_unclassified Halorubrum;s_Halorubrum sp. SD683
pgaptmp_002090_1	A0A835X8W0	2.711E-11	77	43	219	-_cellular organisms;d_Archaea;-_TACK group;p_Nitrososphaerota;c_Nitrososphaeria;o_Nitrosopumilales;-_unclassified Nitrosopumilales;s_Nitrosopumilales archaeon
pgaptmp_002090_1	L9YW73	2.711E-11	77	68	269	-_cellular organisms;d_Archaea;p_Euryarchaeota;-_Stenosarchaea group;c_Halobacteria;o_Natrialbales;f_Natrialbaceae;g_Natrinema;s_Natrinema gari;-_Natrinema gari JCM 14663
pgaptmp_002090_1	A0A256J8C6	3.647E-11	76	11	227	-_cellular organisms;d_Archaea;p_Euryarchaeota;-_Stenosarchaea group;c_Halobacteria;o_Haloferacales;f_Halorubraceae;g_Halorubrum;s_Halorubrum ezzemoulense
pgaptmp_002090_1	A0A7K4DSR9	3.647E-11	76	40	218	-_cellular organisms;d_Archaea;-_TACK group;p_Nitrososphaerota;c_Nitrososphaeria;o_Nitrosopumilales;f_Nitrosopumilaceae;g_Nitrosopumilus;-_unclassified Nitrosopumilus;s_Nitrosopumilus sp.
pgaptmp_002090_1	A0A3M9ZSM0	4.905E-11	76	40	217	-_cellular organisms;d_Archaea;-_TACK group;p_Nitrososphaerota;c_Nitrososphaeria;o_Nitrosopumilales;f_Nitrosopumilaceae;g_Nitrosopumilus;-_unclassified Nitrosopumilus;s_Nitrosopumilus sp. D6
pgaptmp_002090_1	A0A3N0A8L1	6.596E-11	76	40	197	-_cellular organisms;d_Archaea;-_TACK group;p_Nitrososphaerota;c_Nitrososphaeria;o_Nitrosopumilales;f_Nitrosopumilaceae;g_Nitrosopumilus;-_unclassified Nitrosopumilus;s_Nitrosopumilus sp. B06
pgaptmp_002090_1	A0A836BMH8	6.596E-11	76	46	225	-_cellular organisms;d_Archaea;-_TACK group;p_Nitrososphaerota;c_Nitrososphaeria;o_Nitrosopumilales;-_unclassified Nitrosopumilales;s_Nitrosopumilales archaeon
pgaptmp_002090_1	I7CPQ6	8.869E-11	75	33	234	-_cellular organisms;d_Archaea;p_Euryarchaeota;-_Stenosarchaea group;c_Halobacteria;o_Natrialbales;f_Natrialbaceae;g_Natrinema;-_unclassified Natrinema;s_Natrinema sp. J7-2
pgaptmp_002090_1	M0EE64	1.192E-10	75	3	222	-_cellular organisms;d_Archaea;p_Euryarchaeota;-_Stenosarchaea group;c_Halobacteria;o_Haloferacales;f_Halorubraceae;g_Halorubrum;s_Halorubrum californiense;-_Halorubrum californiense DSM 19288
pgaptmp_002090_1	A0A6B1IMM7	1.192E-10	75	28	223	-_cellular organisms;d_Archaea;p_Euryarchaeota;-_Stenosarchaea group;c_Halobacteria;o_Haloferacales;f_Halorubraceae;g_Halorubrum;-_Halorubrum distributum group;s_Halorubrum terrestre
pgaptmp_002090_1	A0A2E9NXF5	1.192E-10	75	5	218	-_cellular organisms;d_Archaea;-_TACK group;p_Nitrososphaerota;-_unclassified Nitrososphaerota;s_Nitrososphaerota archaeon
pgaptmp_002090_1	M0PQK1	1.603E-10	74	28	223	-_cellular organisms;d_Archaea;p_Euryarchaeota;-_Stenosarchaea group;c_Halobacteria;o_Haloferacales;f_Halorubraceae;g_Halorubrum;-_Halorubrum distributum group;s_Halorubrum arcis;-_Halorubrum arcis JCM 13916
pgaptmp_002090_1	A0A6B1IKK2	1.603E-10	74	28	223	-_cellular organisms;d_Archaea;p_Euryarchaeota;-_Stenosarchaea group;c_Halobacteria;o_Haloferacales;f_Halorubraceae;g_Halorubrum;-_Halorubrum distributum group;s_Halorubrum terrestre
pgaptmp_002090_1	A0A256J6S3	1.603E-10	74	11	227	-_cellular organisms;d_Archaea;p_Euryarchaeota;-_Stenosarchaea group;c_Halobacteria;o_Haloferacales;f_Halorubraceae;g_Halorubrum;s_Halorubrum ezzemoulense
pgaptmp_002090_1	A0A4U7C1T6	1.603E-10	74	11	227	-_cellular organisms;d_Archaea;p_Euryarchaeota;-_Stenosarchaea group;c_Halobacteria;o_Haloferacales;f_Halorubraceae;g_Halorubrum;-_unclassified Halorubrum;s_Halorubrum sp. CGM5_25_10-8B
pgaptmp_002090_1	A0A256K0U9	1.603E-10	74	11	227	-_cellular organisms;d_Archaea;p_Euryarchaeota;-_Stenosarchaea group;c_Halobacteria;o_Haloferacales;f_Halorubraceae;g_Halorubrum;s_Halorubrum ezzemoulense
pgaptmp_002090_1	A0A256J1P2	1.603E-10	74	11	227	-_cellular organisms;d_Archaea;p_Euryarchaeota;-_Stenosarchaea group;c_Halobacteria;o_Haloferacales;f_Halorubraceae;g_Halorubrum;s_Halorubrum ezzemoulense
pgaptmp_002090_1	A0A2G1WTW3	1.603E-10	74	11	227	-_cellular organisms;d_Archaea;p_Euryarchaeota;-_Stenosarchaea group;c_Halobacteria;o_Haloferacales;f_Halorubraceae;g_Halorubrum;-_unclassified Halorubrum;s_Halorubrum sp. C191
pgaptmp_002090_1	A0A4U7CKA7	1.603E-10	74	11	227	-_cellular organisms;d_Archaea;p_Euryarchaeota;-_Stenosarchaea group;c_Halobacteria;o_Haloferacales;f_Halorubraceae;g_Halorubrum;-_unclassified Halorubrum;s_Halorubrum sp. SD690R
pgaptmp_002090_1	A0A256JP13	1.603E-10	74	11	227	-_cellular organisms;d_Archaea;p_Euryarchaeota;-_Stenosarchaea group;c_Halobacteria;o_Haloferacales;f_Halorubraceae;g_Halorubrum;s_Halorubrum ezzemoulense
pgaptmp_002090_1	A0A0C5BVY9	1.603E-10	74	40	218	-_cellular organisms;d_Archaea;-_TACK group;p_Nitrososphaerota;c_Nitrososphaeria;o_Nitrosopumilales;f_Nitrosopumilaceae;g_Nitrosopumilus;s_Nitrosopumilus piranensis
pgaptmp_002090_1	A0A8J4XIH4	1.603E-10	74	40	218	-_cellular organisms;d_Archaea;-_TACK group;p_Nitrososphaerota;c_Nitrososphaeria;o_Nitrosopumilales;f_Nitrosopumilaceae;g_Nitrosopumilus;-_unclassified Nitrosopumilus;s_Nitrosopumilus sp. b2
pgaptmp_002090_1	A0A9W4UWP2	2.154E-10	74	42	228	-_cellular organisms;d_Archaea;-_TACK group;p_Nitrososphaerota;c_Nitrososphaeria;o_Nitrosopumilales;f_Nitrosopumilaceae;-_unclassified Nitrosopumilaceae;s_Nitrosopumilaceae archaeon
pgaptmp_002090_1	A0A1Y3AG32	3.889E-10	73	11	227	-_cellular organisms;d_Archaea;p_Euryarchaeota;-_Stenosarchaea group;c_Halobacteria;o_Haloferacales;f_Halorubraceae;g_Halorubrum;-_unclassified Halorubrum;s_Halorubrum sp. SD612
pgaptmp_002090_1	A0A835X6I0	3.889E-10	73	9	225	-_cellular organisms;d_Archaea;-_TACK group;p_Nitrososphaerota;c_Nitrososphaeria;o_Nitrosopumilales;-_unclassified Nitrosopumilales;s_Nitrosopumilales archaeon
pgaptmp_002090_1	A0A7Y5GJP4	5.224E-10	73	23	222	-_cellular organisms;d_Bacteria;p_Acidobacteriota;c_Terriglobia;o_Bryobacterales;f_Bryobacteraceae;-_unclassified Bryobacteraceae;s_Bryobacteraceae bacterium
pgaptmp_002090_1	A0A4U7E2U8	5.224E-10	73	11	227	-_cellular organisms;d_Archaea;p_Euryarchaeota;-_Stenosarchaea group;c_Halobacteria;o_Haloferacales;f_Halorubraceae;g_Halorubrum;-_unclassified Halorubrum;s_Halorubrum sp. GN12_10-3_MGM
pgaptmp_002090_1	A0A4U7C745	7.017E-10	72	11	227	-_cellular organisms;d_Archaea;p_Euryarchaeota;-_Stenosarchaea group;c_Halobacteria;o_Haloferacales;f_Halorubraceae;g_Halorubrum;-_unclassified Halorubrum;s_Halorubrum sp. CGM4_25_10-8A
pgaptmp_002090_1	A0A238UNT3	7.017E-10	72	11	227	-_cellular organisms;d_Archaea;p_Euryarchaeota;-_Stenosarchaea group;c_Halobacteria;o_Haloferacales;f_Halorubraceae;g_Halorubrum;s_Halorubrum ezzemoulense
pgaptmp_002090_1	A0A654LUD5	7.017E-10	72	62	327	-_cellular organisms;d_Archaea;-_TACK group;p_Nitrososphaerota;c_Nitrososphaeria;o_Nitrososphaerales;f_Nitrososphaeraceae;g_Nitrosocosmicus;s_Candidatus Nitrosocosmicus oleophilus
pgaptmp_002090_1	M0DKL4	9.423E-10	72	28	223	-_cellular organisms;d_Archaea;p_Euryarchaeota;-_Stenosarchaea group;c_Halobacteria;o_Haloferacales;f_Halorubraceae;g_Halorubrum;-_Halorubrum distributum group;s_Halorubrum terrestre;-_Halorubrum terrestre JCM 10247
pgaptmp_002090_1	A0A4U7DEZ2	1.265E-09	72	23	229	-_cellular organisms;d_Archaea;p_Euryarchaeota;-_Stenosarchaea group;c_Halobacteria;o_Haloferacales;f_Halorubraceae;g_Halorubrum;-_unclassified Halorubrum;s_Halorubrum sp. SP3
pgaptmp_002090_1	A0A1C7PEI3	1.699E-09	71	214	407	-_cellular organisms;d_Bacteria;-_PVC group;p_Verrucomicrobiota;c_Verrucomicrobiae;o_Verrucomicrobiales;f_Akkermansiaceae;g_Akkermansia;s_Akkermansia glycaniphila
pgaptmp_002090_1	M0EWG0	2.280E-09	71	28	223	-_cellular organisms;d_Archaea;p_Euryarchaeota;-_Stenosarchaea group;c_Halobacteria;o_Haloferacales;f_Halorubraceae;g_Halorubrum;-_Halorubrum distributum group;s_Halorubrum distributum;-_Halorubrum distributum JCM 10118
pgaptmp_002090_1	M0F048	2.280E-09	71	28	223	-_cellular organisms;d_Archaea;p_Euryarchaeota;-_Stenosarchaea group;c_Halobacteria;o_Haloferacales;f_Halorubraceae;g_Halorubrum;-_Halorubrum distributum group;s_Halorubrum distributum;-_Halorubrum distributum JCM 9100
pgaptmp_002090_1	M0P5T9	2.280E-09	71	28	223	-_cellular organisms;d_Archaea;p_Euryarchaeota;-_Stenosarchaea group;c_Halobacteria;o_Haloferacales;f_Halorubraceae;g_Halorubrum;-_Halorubrum distributum group;s_Halorubrum litoreum;-_Halorubrum litoreum JCM 13561
pgaptmp_002090_1	A0A8T6NBJ0	2.280E-09	71	45	218	-_cellular organisms;d_Archaea;-_TACK group;p_Nitrososphaerota;-_unclassified Nitrososphaerota;s_Nitrososphaerota archaeon
pgaptmp_002090_1	A0A498FGW4	2.280E-09	71	23	234	-_cellular organisms;d_Archaea;p_Euryarchaeota;-_Stenosarchaea group;c_Halobacteria;o_Haloferacales;f_Halorubraceae;g_Halorubrum;-_unclassified Halorubrum;s_Halorubrum sp. Atlit-9R
pgaptmp_002090_1	A0A421EJC6	2.280E-09	71	23	234	-_cellular organisms;d_Archaea;p_Euryarchaeota;-_Stenosarchaea group;c_Halobacteria;o_Haloferacales;f_Halorubraceae;g_Halorubrum;-_unclassified Halorubrum;s_Halorubrum sp. Atlit-8R
pgaptmp_002090_1	A0A7D3Y2G5	2.280E-09	71	2	234	-_cellular organisms;d_Archaea;p_Euryarchaeota;-_Stenosarchaea group;c_Halobacteria;o_Haloferacales;f_Halorubraceae;g_Halorubrum;s_Halorubrum salinarum
pgaptmp_002090_1	M0NQ21	3.060E-09	70	11	223	-_cellular organisms;d_Archaea;p_Euryarchaeota;-_Stenosarchaea group;c_Halobacteria;o_Haloferacales;f_Halorubraceae;g_Halorubrum;s_Halorubrum lipolyticum;-_Halorubrum lipolyticum DSM 21995
pgaptmp_002090_1	A0A4U7DR36	3.060E-09	70	59	234	-_cellular organisms;d_Archaea;p_Euryarchaeota;-_Stenosarchaea group;c_Halobacteria;o_Haloferacales;f_Halorubraceae;g_Halorubrum;-_unclassified Halorubrum;s_Halorubrum sp. SS7
pgaptmp_002090_1	A0A1I6H827	3.060E-09	70	23	234	-_cellular organisms;d_Archaea;p_Euryarchaeota;-_Stenosarchaea group;c_Halobacteria;o_Haloferacales;f_Halorubraceae;g_Halorubrum;s_Halorubrum sodomense
pgaptmp_002090_1	A0A1G7U6M7	3.060E-09	70	75	285	-_cellular organisms;d_Archaea;p_Euryarchaeota;-_Stenosarchaea group;c_Halobacteria;o_Halobacteriales;f_Haloarculaceae;g_Halorientalis;s_Halorientalis regularis
pgaptmp_002090_1	A0A4U7D2X1	4.107E-09	70	23	234	-_cellular organisms;d_Archaea;p_Euryarchaeota;-_Stenosarchaea group;c_Halobacteria;o_Haloferacales;f_Halorubraceae;g_Halorubrum;-_unclassified Halorubrum;s_Halorubrum sp. ASP121
pgaptmp_002090_1	A0A0M9AR50	4.107E-09	70	23	234	-_cellular organisms;d_Archaea;p_Euryarchaeota;-_Stenosarchaea group;c_Halobacteria;o_Haloferacales;f_Halorubraceae;g_Halorubrum;s_Halorubrum tropicale
pgaptmp_002090_1	A0A4U7CCV6	4.107E-09	70	23	234	-_cellular organisms;d_Archaea;p_Euryarchaeota;-_Stenosarchaea group;c_Halobacteria;o_Haloferacales;f_Halorubraceae;g_Halorubrum;-_unclassified Halorubrum;s_Halorubrum sp. ARQ200
pgaptmp_002090_1	A0A383BSS6	5.510E-09	70	6	149	-_unclassified entries;-_unclassified sequences;-_metagenomes;-_ecological metagenomes;s_marine metagenome
pgaptmp_002090_1	A0A4U7EPI6	5.510E-09	70	23	234	-_cellular organisms;d_Archaea;p_Euryarchaeota;-_Stenosarchaea group;c_Halobacteria;o_Haloferacales;f_Halorubraceae;g_Halorubrum;-_unclassified Halorubrum;s_Halorubrum sp. SP9
pgaptmp_002090_1	M0PLF1	5.510E-09	70	152	354	-_cellular organisms;d_Archaea;p_Euryarchaeota;-_Stenosarchaea group;c_Halobacteria;o_Haloferacales;f_Halorubraceae;g_Halorubrum;s_Halorubrum aidingense;-_Halorubrum aidingense JCM 13560
pgaptmp_002090_1	A0A6A7LEE0	7.392E-09	69	10	87	-_cellular organisms;d_Archaea;-_TACK group;p_Nitrososphaerota;c_Nitrososphaeria;o_Nitrososphaerales;f_Nitrososphaeraceae;-_unclassified Nitrososphaeraceae;s_Nitrososphaeraceae archaeon
pgaptmp_002090_1	A0A075HYC4	7.392E-09	69	7	122	-_cellular organisms;d_Archaea;-_TACK group;p_Nitrososphaerota;-_environmental samples;s_uncultured marine thaumarchaeote KM3_90_E04
pgaptmp_002090_1	A0A3G1B276	9.914E-09	69	370	537	-_cellular organisms;d_Archaea;-_TACK group;p_Nitrososphaerota;-_Nitrososphaerota incertae sedis;g_Nitrosotenuis;s_Candidatus Nitrosotenuis cloacae
pgaptmp_002090_1	A0A8T5EEX0	1.783E-08	68	5	167	-_cellular organisms;d_Archaea;-_TACK group;p_Nitrososphaerota;c_Nitrososphaeria;o_Nitrosopumilales;f_Nitrosopumilaceae;g_Nitrosopumilus;-_unclassified Nitrosopumilus;s_Nitrosopumilus sp.
pgaptmp_002090_1	B9LWQ7	2.390E-08	68	96	291	-_cellular organisms;d_Archaea;p_Euryarchaeota;-_Stenosarchaea group;c_Halobacteria;o_Haloferacales;f_Halorubraceae;g_Halorubrum;s_Halorubrum lacusprofundi;-_Halorubrum lacusprofundi ATCC 49239
pgaptmp_002090_1	M0P7Z2	2.390E-08	68	140	342	-_cellular organisms;d_Archaea;p_Euryarchaeota;-_Stenosarchaea group;c_Halobacteria;o_Haloferacales;f_Halorubraceae;g_Halorubrum;s_Halorubrum kocurii;-_Halorubrum kocurii JCM 14978
pgaptmp_002090_1	A0A498EWB8	3.203E-08	67	23	235	-_cellular organisms;d_Archaea;p_Euryarchaeota;-_Stenosarchaea group;c_Halobacteria;o_Haloferacales;f_Halorubraceae;g_Halorubrum;-_unclassified Halorubrum;s_Halorubrum sp. Atlit-28R
pgaptmp_002090_1	A0A6B1FGM4	4.293E-08	67	41	217	-_cellular organisms;d_Archaea;-_TACK group;p_Nitrososphaerota;o_Cenarchaeales;f_Cenarchaeaceae;g_Cenarchaeum;-_unclassified Cenarchaeum;s_Cenarchaeum sp. SB0675_bin_21
pgaptmp_002090_1	A0A6B1BBW2	4.293E-08	67	41	217	-_cellular organisms;d_Archaea;-_TACK group;p_Nitrososphaerota;o_Cenarchaeales;f_Cenarchaeaceae;g_Cenarchaeum;-_unclassified Cenarchaeum;s_Cenarchaeum sp. SB0663_bin_5
pgaptmp_002090_1	A0A6B1II15	4.293E-08	67	41	217	-_cellular organisms;d_Archaea;-_TACK group;p_Nitrososphaerota;o_Cenarchaeales;f_Cenarchaeaceae;g_Cenarchaeum;-_unclassified Cenarchaeum;s_Cenarchaeum sp. SB0669_bin_11
pgaptmp_002090_1	A0A075I7C4	7.707E-08	66	7	124	-_cellular organisms;d_Archaea;-_TACK group;p_Nitrososphaerota;-_environmental samples;s_uncultured marine thaumarchaeote SAT1000_09_H09
pgaptmp_002090_1	A0A382CBR2	1.032E-07	66	2	147	-_unclassified entries;-_unclassified sequences;-_metagenomes;-_ecological metagenomes;s_marine metagenome
pgaptmp_002090_1	A0A075I6D6	1.032E-07	66	47	152	-_cellular organisms;d_Archaea;-_TACK group;p_Nitrososphaerota;-_environmental samples;s_uncultured marine thaumarchaeote SAT1000_09_B07
pgaptmp_002090_1	A0A075I1P8	1.032E-07	66	47	152	-_cellular organisms;d_Archaea;-_TACK group;p_Nitrososphaerota;-_environmental samples;s_uncultured marine thaumarchaeote SAT1000_09_C08
pgaptmp_002090_1	A0A075I3P8	1.032E-07	66	47	152	-_cellular organisms;d_Archaea;-_TACK group;p_Nitrososphaerota;-_environmental samples;s_uncultured marine thaumarchaeote SAT1000_09_B08
pgaptmp_002090_1	A0A075I8Y5	1.032E-07	66	47	152	-_cellular organisms;d_Archaea;-_TACK group;p_Nitrososphaerota;-_environmental samples;s_uncultured marine thaumarchaeote SAT1000_09_C07
pgaptmp_002090_1	A0A3M9ZG92	1.383E-07	65	46	159	-_cellular organisms;d_Archaea;-_TACK group;p_Nitrososphaerota;-_unclassified Nitrososphaerota;s_Thaumarchaeota archaeon S15
pgaptmp_002090_1	A0A7J4CPU3	2.479E-07	64	18	135	-_cellular organisms;d_Archaea;-_TACK group;p_Nitrososphaerota;-_Nitrososphaerota incertae sedis;g_Candidatus Nitrosopelagicus;-_unclassified Candidatus Nitrosopelagicus;s_Candidatus Nitrosopelagicus sp.
pgaptmp_002090_1	A0A8T6U257	3.319E-07	64	40	220	-_cellular organisms;d_Archaea;-_TACK group;p_Nitrososphaerota;c_Nitrososphaeria;o_Nitrosopumilales;f_Nitrosopumilaceae;-_unclassified Nitrosopumilaceae;s_Nitrosopumilaceae archaeon
pgaptmp_002090_1	A0A6M1T5C5	3.319E-07	64	44	211	-_cellular organisms;d_Bacteria;-_FCB group;-_Bacteroidota/Chlorobiota group;p_Balneolota;c_Balneolia;o_Balneolales;f_Balneolaceae;g_Fodinibius;s_Fodinibius halophilus
pgaptmp_002090_1	A0A1H8HEB9	5.944E-07	63	75	285	-_cellular organisms;d_Archaea;p_Euryarchaeota;-_Stenosarchaea group;c_Halobacteria;o_Halobacteriales;f_Haloarculaceae;g_Halorientalis;s_Halorientalis persicus
pgaptmp_002090_1	A0A3N9U7C1	7.953E-07	63	418	552	-_cellular organisms;d_Bacteria;p_Pseudomonadota;c_Gammaproteobacteria;o_Oceanospirillales;f_Halomonadaceae;g_Halomonas;-_unclassified Halomonas;s_Halomonas sp. YLB-10
pgaptmp_002090_1	A0A842N6W6	1.903E-06	62	7	142	-_cellular organisms;d_Archaea;-_TACK group;p_Nitrososphaerota;-_Nitrososphaerota incertae sedis;g_Candidatus Nitrosopelagicus;-_unclassified Candidatus Nitrosopelagicus;s_Candidatus Nitrosopelagicus sp.
pgaptmp_002090_1	A0A6G2K886	1.903E-06	62	45	203	-_cellular organisms;d_Archaea;-_TACK group;p_Nitrososphaerota;o_Cenarchaeales;f_Cenarchaeaceae;g_Cenarchaeum;-_unclassified Cenarchaeum;s_Cenarchaeum sp. SB0662_bin_33
pgaptmp_002090_1	A0A6G2J725	1.903E-06	62	45	203	-_cellular organisms;d_Archaea;-_TACK group;p_Nitrososphaerota;o_Cenarchaeales;f_Cenarchaeaceae;g_Cenarchaeum;-_unclassified Cenarchaeum;s_Cenarchaeum sp. SB0667_bin_13
pgaptmp_002090_1	A0A6G2KCY1	1.903E-06	62	45	203	-_cellular organisms;d_Archaea;-_TACK group;p_Nitrososphaerota;o_Cenarchaeales;f_Cenarchaeaceae;g_Cenarchaeum;-_unclassified Cenarchaeum;s_Cenarchaeum sp. SB0678_bin_8
pgaptmp_002090_1	A0A6B0YMN0	1.903E-06	62	45	203	-_cellular organisms;d_Archaea;-_TACK group;p_Nitrososphaerota;o_Cenarchaeales;f_Cenarchaeaceae;g_Cenarchaeum;-_unclassified Cenarchaeum;s_Cenarchaeum sp. SB0665_bin_23
pgaptmp_002090_1	A0A6B1D0G6	1.903E-06	62	45	203	-_cellular organisms;d_Archaea;-_TACK group;p_Nitrososphaerota;o_Cenarchaeales;f_Cenarchaeaceae;g_Cenarchaeum;-_unclassified Cenarchaeum;s_Cenarchaeum sp. SB0661_bin_35
pgaptmp_002090_1	A0A6B1A2I3	1.903E-06	62	45	203	-_cellular organisms;d_Archaea;-_TACK group;p_Nitrososphaerota;o_Cenarchaeales;f_Cenarchaeaceae;g_Cenarchaeum;-_unclassified Cenarchaeum;s_Cenarchaeum sp. SB0666_bin_15
pgaptmp_002090_1	A0A6G2KXP3	1.903E-06	62	45	203	-_cellular organisms;d_Archaea;-_TACK group;p_Nitrososphaerota;o_Cenarchaeales;f_Cenarchaeaceae;g_Cenarchaeum;-_unclassified Cenarchaeum;s_Cenarchaeum sp. SB0672_bin_9
pgaptmp_002090_1	A0A6G2KEU7	1.903E-06	62	45	203	-_cellular organisms;d_Archaea;-_TACK group;p_Nitrososphaerota;o_Cenarchaeales;f_Cenarchaeaceae;g_Cenarchaeum;-_unclassified Cenarchaeum;s_Cenarchaeum sp. SB0677_bin_16
pgaptmp_002090_1	A0A6G2KTU3	1.903E-06	62	45	203	-_cellular organisms;d_Archaea;-_TACK group;p_Nitrososphaerota;o_Cenarchaeales;f_Cenarchaeaceae;g_Cenarchaeum;-_unclassified Cenarchaeum;s_Cenarchaeum sp. SB0673_bin_9
pgaptmp_002090_1	A0A835X6S7	4.548E-06	61	43	147	-_cellular organisms;d_Archaea;-_TACK group;p_Nitrososphaerota;c_Nitrososphaeria;o_Nitrosopumilales;-_unclassified Nitrosopumilales;s_Nitrosopumilales archaeon
pgaptmp_002090_1	F3KJK7	1.450E-05	59	6	146	-_cellular organisms;d_Archaea;-_TACK group;p_Nitrososphaerota;c_Nitrososphaeria;o_Nitrosopumilales;f_Nitrosopumilaceae;g_Nitrosarchaeum;s_Candidatus Nitrosarchaeum limnium;-_Candidatus Nitrosarchaeum limnium SFB1
pgaptmp_002090_1	A0A5Q0UT33	6.150E-05	57	35	137	-_cellular organisms;d_Archaea;p_Euryarchaeota;-_Stenosarchaea group;c_Halobacteria;o_Halobacteriales;f_Haloarculaceae;g_Halomicrobium;-_unclassified Halomicrobium;s_Halomicrobium sp. LC1Hm
pgaptmp_002090_1	A0A936CBH8	8.208E-05	57	243	344	-_cellular organisms;d_Bacteria;-_FCB group;p_Gemmatimonadota;-_unclassified Gemmatimonadota;s_Gemmatimonadota bacterium
pgaptmp_002090_1	A0A935SAT3	8.208E-05	57	243	344	-_cellular organisms;d_Bacteria;-_FCB group;p_Gemmatimonadota;-_unclassified Gemmatimonadota;s_Gemmatimonadota bacterium
pgaptmp_002090_1	A0A3B8U8H5	1.095E-04	56	57	224	-_cellular organisms;d_Bacteria;-_PVC group;p_Chlamydiota;c_Chlamydiia;o_Parachlamydiales;-_unclassified Parachlamydiales;s_Parachlamydiales bacterium
pgaptmp_002090_1	A0A9D7DSH0	2.599E-04	55	41	138	-_cellular organisms;d_Bacteria;-_FCB group;p_Gemmatimonadota;-_unclassified Gemmatimonadota;s_Gemmatimonadota bacterium
pgaptmp_002090_1	A0A368TZS8	2.599E-04	55	436	547	-_cellular organisms;d_Bacteria;p_Pseudomonadota;c_Gammaproteobacteria;o_Oceanospirillales;f_Halomonadaceae;g_Halomonas;s_Halomonas montanilacus
