user_genome	classification	closest_genome_reference	closest_genome_reference_radius	closest_genome_taxonomy	closest_genome_ani	closest_genome_af	closest_placement_reference	closest_placement_radius	closest_placement_taxonomy	closest_placement_ani	closest_placement_af	pplacer_taxonomy	classification_method	note	other_related_references(genome_id,species_name,radius,ANI,AF)	msa_percent	translation_table	red_value	warnings
Haloferax_S5a1	d__Archaea;p__Halobacteriota;c__Halobacteria;o__Halobacteriales;f__Haloferacaceae;g__Haloferax;s__Haloferax larsenii	GCF_000336955.1	95.0	d__Archaea;p__Halobacteriota;c__Halobacteria;o__Halobacteriales;f__Haloferacaceae;g__Haloferax;s__Haloferax larsenii	96.44	0.886	GCF_000336955.1	95.0	d__Archaea;p__Halobacteriota;c__Halobacteria;o__Halobacteriales;f__Haloferacaceae;g__Haloferax;s__Haloferax larsenii	96.44	0.886	d__Archaea;p__Halobacteriota;c__Halobacteria;o__Halobacteriales;f__Haloferacaceae;g__Haloferax;s__	taxonomic classification defined by topology and ANI	topological placement and ANI have congruent species assignments	GCF_000336755.1, s__Haloferax elongans, 95.0, 93.48, 0.792; GCF_001469865.1, s__Haloferax profundi, 95.0, 83.72, 0.255; GCF_000337795.1, s__Haloferax denitrificans, 97.02, 83.51, 0.247; GCF_001482285.1, s__Haloferax sp001482285, 95.0, 83.48, 0.251; GCF_000336775.1, s__Haloferax gibbonsii, 96.83, 83.47, 0.262; GCF_014635105.1, s__Haloferax sulfurifontis, 95.0, 83.46, 0.254; GCF_001469875.2, s__Haloferax marisrubri, 95.0, 83.36, 0.272; GCF_000025685.1, s__Haloferax volcanii, 95.0, 83.34, 0.241; GCF_003383095.1, s__Haloferax sp003383095, 95.0, 83.33, 0.269; GCF_000306765.2, s__Haloferax mediterranei, 95.0, 83.29, 0.247; GCF_000336815.1, s__Haloferax prahovense, 95.0, 83.15, 0.254; GCF_009674605.1, s__Haloferax litoreum, 95.0, 83.1, 0.261; GCF_009674585.1, s__Haloferax marinisediminis, 95.0, 82.98, 0.249; GCF_000337815.1, s__Haloferax mucosum, 95.0, 82.73, 0.256; GCF_001368915.1, s__Haloferax massiliensis, 95.11, 82.66, 0.245; GCF_009674625.1, s__Haloferax marinum, 95.0, 82.26, 0.24	95.8	11	N/A	N/A
Haloferax_SP10_1	d__Archaea;p__Halobacteriota;c__Halobacteria;o__Halobacteriales;f__Haloferacaceae;g__Haloferax;s__Haloferax volcanii	GCF_000025685.1	95.0	d__Archaea;p__Halobacteriota;c__Halobacteria;o__Halobacteriales;f__Haloferacaceae;g__Haloferax;s__Haloferax volcanii	99.64	0.925	GCF_000025685.1	95.0	d__Archaea;p__Halobacteriota;c__Halobacteria;o__Halobacteriales;f__Haloferacaceae;g__Haloferax;s__Haloferax volcanii	99.64	0.925	d__Archaea;p__Halobacteriota;c__Halobacteria;o__Halobacteriales;f__Haloferacaceae;g__Haloferax;s__	taxonomic classification defined by topology and ANI	topological placement and ANI have congruent species assignments	GCF_014635105.1, s__Haloferax sulfurifontis, 95.0, 93.98, 0.762; GCF_000337795.1, s__Haloferax denitrificans, 97.02, 93.96, 0.782; GCF_001469875.2, s__Haloferax marisrubri, 95.0, 93.48, 0.727; GCF_001368915.1, s__Haloferax massiliensis, 95.11, 93.32, 0.744; GCF_000336815.1, s__Haloferax prahovense, 95.0, 93.32, 0.718; GCF_000336775.1, s__Haloferax gibbonsii, 96.83, 93.08, 0.719; GCF_001482285.1, s__Haloferax sp001482285, 95.0, 92.75, 0.701; GCF_003383095.1, s__Haloferax sp003383095, 95.0, 92.51, 0.713; GCF_000306765.2, s__Haloferax mediterranei, 95.0, 84.12, 0.288; GCF_001469865.1, s__Haloferax profundi, 95.0, 83.61, 0.235; GCF_000337815.1, s__Haloferax mucosum, 95.0, 83.59, 0.306; GCF_000336955.1, s__Haloferax larsenii, 95.0, 83.03, 0.246; GCF_009674605.1, s__Haloferax litoreum, 95.0, 82.72, 0.249; GCF_000336755.1, s__Haloferax elongans, 95.0, 82.51, 0.22; GCF_009674585.1, s__Haloferax marinisediminis, 95.0, 82.47, 0.237; GCF_009674625.1, s__Haloferax marinum, 95.0, 82.06, 0.225	92.8	11	N/A	N/A
Halogranum_CG_2	d__Archaea;p__Halobacteriota;c__Halobacteria;o__Halobacteriales;f__Haloferacaceae;g__Halogranum;s__	N/A	N/A	N/A	N/A	N/A	GCF_900114455.1	95.0	d__Archaea;p__Halobacteriota;c__Halobacteria;o__Halobacteriales;f__Haloferacaceae;g__Halogranum;s__Halogranum rubrum	90.02	0.671	d__Archaea;p__Halobacteriota;c__Halobacteria;o__Halobacteriales;f__Haloferacaceae;g__Halogranum;s__	taxonomic classification defined by topology and ANI	N/A	GCF_900110465.1, s__Halogranum amylolyticum, 95.0, 84.12, 0.333; GCF_900103715.1, s__Halogranum gelatinilyticum, 95.0, 82.38, 0.218	92.63	11	0.99003	Genome not assigned to closest species as it falls outside its pre-defined ANI radius
Halorubrum_B2_2	d__Archaea;p__Halobacteriota;c__Halobacteria;o__Halobacteriales;f__Haloferacaceae;g__Halorubrum;s__Halorubrum salinarum	GCF_013267195.1	95.0	d__Archaea;p__Halobacteriota;c__Halobacteria;o__Halobacteriales;f__Haloferacaceae;g__Halorubrum;s__Halorubrum salinarum	97.92	0.898	GCF_013267195.1	95.0	d__Archaea;p__Halobacteriota;c__Halobacteria;o__Halobacteriales;f__Haloferacaceae;g__Halorubrum;s__Halorubrum salinarum	97.92	0.898	d__Archaea;p__Halobacteriota;c__Halobacteria;o__Halobacteriales;f__Haloferacaceae;g__Halorubrum;s__	taxonomic classification defined by topology and ANI	topological placement and ANI have congruent species assignments	GCF_001280455.1, s__Halorubrum tropicale, 95.0, 94.73, 0.8; GCF_002355655.1, s__Halorubrum trapanicum_A, 95.0, 91.03, 0.705; GCF_018228765.1, s__Halorubrum ruber, 95.0, 90.99, 0.696; GCF_000337335.1, s__Halorubrum distributum, 95.0, 90.94, 0.717; GCF_003666015.1, s__Halorubrum sp003666015, 95.0, 90.51, 0.713; GCF_900111935.1, s__Halorubrum sodomense, 95.0, 90.48, 0.692; GCF_937146585.1, s__Halorubrum sp937146585, 95.0, 90.3, 0.706; GCF_005435165.1, s__Halorubrum sp005435165, 95.0, 90.1, 0.658; GCF_017873555.1, s__Halorubrum trapanicum, 95.0, 90.08, 0.624; GCF_900102375.1, s__Halorubrum xinjiangense, 95.0, 90.05, 0.681; GCF_018623055.1, s__Halorubrum sp018623055, 95.0, 90.02, 0.627; GCF_000336875.1, s__Halorubrum californiense, 95.0, 89.84, 0.662; GCF_002114285.1, s__Halorubrum ezzemoulense, 95.0, 89.69, 0.636; GCF_000337075.1, s__Halorubrum hochstenium, 95.0, 89.36, 0.616; GCF_000337035.1, s__Halorubrum coriense, 95.0, 89.26, 0.64; GCF_000337415.1, s__Halorubrum tebenquichense, 95.0, 88.88, 0.59; GCF_901686465.1, s__Halorubrum sp901686465, 95.0, 88.5, 0.575; GCF_004114375.1, s__Halorubrum sp004114375, 95.0, 87.56, 0.516; GCA_003023405.1, s__Halorubrum sp003023405, 95.0, 87.47, 0.479; GCF_001261915.1, s__Halorubrum sp001261915, 95.0, 85.88, 0.345; GCF_003721435.2, s__Halorubrum sp003721435, 95.0, 85.56, 0.372; GCF_024494565.1, s__Halorubrum rutilum, 95.0, 85.49, 0.351; GCF_007671725.1, s__Halorubrum depositum, 95.0, 85.34, 0.346; GCF_002727125.1, s__Halorubrum persicum, 95.0, 85.17, 0.33; GCF_002286985.1, s__Halorubrum salipaludis, 95.0, 85.13, 0.351; GCF_029889805.1, s__Halorubrum sp029889805, 95.0, 85.0, 0.332; GCF_000337375.1, s__Halorubrum lipolyticum, 95.0, 84.98, 0.327; GCF_002252755.1, s__Halorubrum sp002252755, 95.0, 84.94, 0.34; GCF_004114995.1, s__Halorubrum amylolyticum, 95.0, 84.91, 0.314; GCF_026586675.1, s__Halorubrum yunnanense, 95.0, 84.79, 0.317; GCF_000337915.1, s__Halorubrum saccharovorum, 95.0, 84.63, 0.316; GCF_009742825.1, s__Halorubrum sp009742825, 95.0, 84.57, 0.179; GCF_003781945.1, s__Halorubrum sp003781945, 95.0, 84.55, 0.336; GCF_000739595.1, s__Halorubrum halophilum, 95.0, 84.53, 0.315; GCF_000337355.1, s__Halorubrum kocurii, 95.0, 84.52, 0.326; GCF_007671685.1, s__Halorubrum salsamenti, 95.0, 84.43, 0.302; GCF_000022205.1, s__Halorubrum lacusprofundi, 95.0, 83.6, 0.284; GCF_003990725.2, s__Halorubrum sp003990725, 95.0, 83.56, 0.251; GCF_000336995.1, s__Halorubrum aidingense, 95.0, 83.44, 0.243; GCF_024494575.1, s__Halorubrum salinum, 95.0, 83.2, 0.239; GCA_001564205.1, s__Halorubrum sp001564205, 95.0, 82.96, 0.169; GCF_002252985.1, s__Halorubrum halodurans, 95.0, 82.75, 0.189; GCF_000746205.1, s__Halorubrum sp000746205, 95.0, 82.59, 0.193; GCF_001542905.1, s__Halorubrum aethiopicum, 95.0, 82.53, 0.204; GCF_024494685.1, s__Halorubrum rubrum, 95.0, 82.48, 0.193; GCF_900182635.1, s__Halorubrum cibi, 95.0, 82.14, 0.178; GCF_024494655.1, s__Halorubrum laminariae, 95.0, 82.11, 0.166; GCF_003697845.1, s__Halorubrum sp003697845, 95.0, 81.72, 0.176; GCF_900113615.1, s__Halorubrum aquaticum, 95.0, 81.7, 0.172; GCF_027257195.1, s__Halorubrum sp027257195, 95.0, 81.34, 0.173; GCF_003287355.1, s__Halorubrum sp003287355, 95.0, 80.96, 0.155	96.97	11	N/A	N/A
Halorubrum_CG4	d__Archaea;p__Halobacteriota;c__Halobacteria;o__Halobacteriales;f__Haloferacaceae;g__Halorubrum;s__	N/A	N/A	N/A	N/A	N/A	N/A	N/A	N/A	N/A	N/A	d__Archaea;p__Halobacteriota;c__Halobacteria;o__Halobacteriales;f__Haloferacaceae;g__Halorubrum;s__	taxonomic classification defined by topology and ANI	N/A	GCF_003721435.2, s__Halorubrum sp003721435, 95.0, 89.11, 0.53; GCF_007671725.1, s__Halorubrum depositum, 95.0, 89.04, 0.592; GCF_029889805.1, s__Halorubrum sp029889805, 95.0, 88.79, 0.561; GCF_002252755.1, s__Halorubrum sp002252755, 95.0, 88.68, 0.537; GCF_001261915.1, s__Halorubrum sp001261915, 95.0, 88.4, 0.476; GCF_026586675.1, s__Halorubrum yunnanense, 95.0, 88.27, 0.482; GCF_024494565.1, s__Halorubrum rutilum, 95.0, 87.83, 0.459; GCF_000337375.1, s__Halorubrum lipolyticum, 95.0, 86.14, 0.365; GCF_003990725.2, s__Halorubrum sp003990725, 95.0, 86.07, 0.378; GCF_002727125.1, s__Halorubrum persicum, 95.0, 85.95, 0.359; GCF_000337355.1, s__Halorubrum kocurii, 95.0, 85.93, 0.36; GCF_002286985.1, s__Halorubrum salipaludis, 95.0, 85.74, 0.364; GCF_004114995.1, s__Halorubrum amylolyticum, 95.0, 85.74, 0.326; GCF_000337915.1, s__Halorubrum saccharovorum, 95.0, 85.73, 0.347; GCF_003781945.1, s__Halorubrum sp003781945, 95.0, 85.7, 0.355; GCF_007671685.1, s__Halorubrum salsamenti, 95.0, 85.57, 0.347; GCF_000739595.1, s__Halorubrum halophilum, 95.0, 85.29, 0.33; GCF_000336995.1, s__Halorubrum aidingense, 95.0, 85.27, 0.335; GCF_001280455.1, s__Halorubrum tropicale, 95.0, 85.14, 0.319; GCF_002355655.1, s__Halorubrum trapanicum_A, 95.0, 85.08, 0.324; GCF_937146585.1, s__Halorubrum sp937146585, 95.0, 84.97, 0.317; GCF_000022205.1, s__Halorubrum lacusprofundi, 95.0, 84.95, 0.328; GCF_013267195.1, s__Halorubrum salinarum, 95.0, 84.87, 0.326; GCF_000337335.1, s__Halorubrum distributum, 95.0, 84.81, 0.304; GCF_018228765.1, s__Halorubrum ruber, 95.0, 84.71, 0.304; GCF_003666015.1, s__Halorubrum sp003666015, 95.0, 84.61, 0.298; GCF_009742825.1, s__Halorubrum sp009742825, 95.0, 84.57, 0.189; GCF_005435165.1, s__Halorubrum sp005435165, 95.0, 84.49, 0.29; GCF_000336875.1, s__Halorubrum californiense, 95.0, 84.32, 0.268; GCF_000337075.1, s__Halorubrum hochstenium, 95.0, 84.3, 0.307; GCF_900111935.1, s__Halorubrum sodomense, 95.0, 84.24, 0.305; GCF_017873555.1, s__Halorubrum trapanicum, 95.0, 84.22, 0.287; GCF_900102375.1, s__Halorubrum xinjiangense, 95.0, 84.19, 0.286; GCF_000337415.1, s__Halorubrum tebenquichense, 95.0, 84.11, 0.268; GCF_000337035.1, s__Halorubrum coriense, 95.0, 84.11, 0.262; GCF_018623055.1, s__Halorubrum sp018623055, 95.0, 84.05, 0.296; GCF_002114285.1, s__Halorubrum ezzemoulense, 95.0, 84.05, 0.25; GCF_024494575.1, s__Halorubrum salinum, 95.0, 83.73, 0.262; GCF_901686465.1, s__Halorubrum sp901686465, 95.0, 83.59, 0.249; GCA_001564205.1, s__Halorubrum sp001564205, 95.0, 83.53, 0.201; GCF_004114375.1, s__Halorubrum sp004114375, 95.0, 83.16, 0.217; GCF_002252985.1, s__Halorubrum halodurans, 95.0, 83.07, 0.178; GCF_000746205.1, s__Halorubrum sp000746205, 95.0, 83.01, 0.226; GCA_003023405.1, s__Halorubrum sp003023405, 95.0, 82.96, 0.226; GCF_001542905.1, s__Halorubrum aethiopicum, 95.0, 82.45, 0.192; GCF_024494655.1, s__Halorubrum laminariae, 95.0, 82.36, 0.163; GCF_900182635.1, s__Halorubrum cibi, 95.0, 82.12, 0.17; GCF_024494685.1, s__Halorubrum rubrum, 95.0, 81.88, 0.184; GCF_900113615.1, s__Halorubrum aquaticum, 95.0, 81.7, 0.168; GCF_003697845.1, s__Halorubrum sp003697845, 95.0, 81.55, 0.163; GCF_027257195.1, s__Halorubrum sp027257195, 95.0, 81.51, 0.16	96.5	11	0.98482	Genome not assigned to closest species as it falls outside its pre-defined ANI radius
Halorubrum_E200_3	d__Archaea;p__Halobacteriota;c__Halobacteria;o__Halobacteriales;f__Haloferacaceae;g__Halorubrum;s__Halorubrum tropicale	GCF_001280455.1	95.0	d__Archaea;p__Halobacteriota;c__Halobacteria;o__Halobacteriales;f__Haloferacaceae;g__Halorubrum;s__Halorubrum tropicale	98.03	0.799	GCF_001280455.1	95.0	d__Archaea;p__Halobacteriota;c__Halobacteria;o__Halobacteriales;f__Haloferacaceae;g__Halorubrum;s__Halorubrum tropicale	98.03	0.799	d__Archaea;p__Halobacteriota;c__Halobacteria;o__Halobacteriales;f__Haloferacaceae;g__Halorubrum;s__	taxonomic classification defined by topology and ANI	topological placement and ANI have congruent species assignments	GCF_013267195.1, s__Halorubrum salinarum, 95.0, 95.05, 0.718; GCF_000337335.1, s__Halorubrum distributum, 95.0, 90.74, 0.629; GCF_002355655.1, s__Halorubrum trapanicum_A, 95.0, 90.59, 0.642; GCF_018228765.1, s__Halorubrum ruber, 95.0, 90.52, 0.655; GCF_003666015.1, s__Halorubrum sp003666015, 95.0, 89.87, 0.635; GCF_900111935.1, s__Halorubrum sodomense, 95.0, 89.86, 0.606; GCF_937146585.1, s__Halorubrum sp937146585, 95.0, 89.84, 0.649; GCF_017873555.1, s__Halorubrum trapanicum, 95.0, 89.77, 0.568; GCF_900102375.1, s__Halorubrum xinjiangense, 95.0, 89.74, 0.583; GCF_005435165.1, s__Halorubrum sp005435165, 95.0, 89.47, 0.564; GCF_002114285.1, s__Halorubrum ezzemoulense, 95.0, 89.23, 0.585; GCF_018623055.1, s__Halorubrum sp018623055, 95.0, 89.08, 0.57; GCF_000336875.1, s__Halorubrum californiense, 95.0, 88.97, 0.558; GCF_000337035.1, s__Halorubrum coriense, 95.0, 88.74, 0.565; GCF_000337075.1, s__Halorubrum hochstenium, 95.0, 88.67, 0.568; GCF_000337415.1, s__Halorubrum tebenquichense, 95.0, 88.49, 0.507; GCF_901686465.1, s__Halorubrum sp901686465, 95.0, 88.06, 0.496; GCF_004114375.1, s__Halorubrum sp004114375, 95.0, 87.7, 0.465; GCA_003023405.1, s__Halorubrum sp003023405, 95.0, 86.88, 0.464; GCF_001261915.1, s__Halorubrum sp001261915, 95.0, 85.57, 0.305; GCF_003721435.2, s__Halorubrum sp003721435, 95.0, 85.21, 0.307; GCF_024494565.1, s__Halorubrum rutilum, 95.0, 85.2, 0.322; GCF_007671725.1, s__Halorubrum depositum, 95.0, 85.06, 0.31; GCF_004114995.1, s__Halorubrum amylolyticum, 95.0, 85.05, 0.288; GCF_026586675.1, s__Halorubrum yunnanense, 95.0, 84.79, 0.291; GCF_000337375.1, s__Halorubrum lipolyticum, 95.0, 84.74, 0.282; GCF_007671685.1, s__Halorubrum salsamenti, 95.0, 84.59, 0.27; GCF_002727125.1, s__Halorubrum persicum, 95.0, 84.58, 0.268; GCF_003781945.1, s__Halorubrum sp003781945, 95.0, 84.52, 0.294; GCF_000337915.1, s__Halorubrum saccharovorum, 95.0, 84.52, 0.27; GCF_029889805.1, s__Halorubrum sp029889805, 95.0, 84.47, 0.306; GCF_000739595.1, s__Halorubrum halophilum, 95.0, 84.47, 0.289; GCF_002252755.1, s__Halorubrum sp002252755, 95.0, 84.45, 0.286; GCF_002286985.1, s__Halorubrum salipaludis, 95.0, 84.41, 0.287; GCF_000337355.1, s__Halorubrum kocurii, 95.0, 84.27, 0.288; GCF_009742825.1, s__Halorubrum sp009742825, 95.0, 84.13, 0.17; GCF_003990725.2, s__Halorubrum sp003990725, 95.0, 83.78, 0.267; GCF_000336995.1, s__Halorubrum aidingense, 95.0, 83.62, 0.231; GCF_000022205.1, s__Halorubrum lacusprofundi, 95.0, 83.31, 0.242; GCF_024494575.1, s__Halorubrum salinum, 95.0, 82.96, 0.232; GCF_002252985.1, s__Halorubrum halodurans, 95.0, 82.84, 0.175; GCF_001542905.1, s__Halorubrum aethiopicum, 95.0, 82.79, 0.181; GCA_001564205.1, s__Halorubrum sp001564205, 95.0, 82.51, 0.153; GCF_000746205.1, s__Halorubrum sp000746205, 95.0, 82.23, 0.179; GCF_024494685.1, s__Halorubrum rubrum, 95.0, 82.04, 0.162; GCF_900182635.1, s__Halorubrum cibi, 95.0, 81.96, 0.158; GCF_900113615.1, s__Halorubrum aquaticum, 95.0, 81.88, 0.17; GCF_024494655.1, s__Halorubrum laminariae, 95.0, 81.87, 0.151; GCF_003697845.1, s__Halorubrum sp003697845, 95.0, 81.58, 0.157	96.04	11	N/A	N/A
Halorubrum_E200_4	d__Archaea;p__Halobacteriota;c__Halobacteria;o__Halobacteriales;f__Haloferacaceae;g__Halorubrum;s__Halorubrum sp003990725	GCF_003990725.2	95.0	d__Archaea;p__Halobacteriota;c__Halobacteria;o__Halobacteriales;f__Haloferacaceae;g__Halorubrum;s__Halorubrum sp003990725	95.51	0.865	GCF_003990725.2	95.0	d__Archaea;p__Halobacteriota;c__Halobacteria;o__Halobacteriales;f__Haloferacaceae;g__Halorubrum;s__Halorubrum sp003990725	95.51	0.865	d__Archaea;p__Halobacteriota;c__Halobacteria;o__Halobacteriales;f__Haloferacaceae;g__Halorubrum;s__	taxonomic classification defined by topology and ANI	topological placement and ANI have congruent species assignments	GCF_000337375.1, s__Halorubrum lipolyticum, 95.0, 86.71, 0.404; GCF_002727125.1, s__Halorubrum persicum, 95.0, 86.42, 0.383; GCF_000337355.1, s__Halorubrum kocurii, 95.0, 86.38, 0.414; GCF_000337915.1, s__Halorubrum saccharovorum, 95.0, 86.35, 0.365; GCF_004114995.1, s__Halorubrum amylolyticum, 95.0, 86.33, 0.354; GCF_000739595.1, s__Halorubrum halophilum, 95.0, 86.26, 0.38; GCF_007671685.1, s__Halorubrum salsamenti, 95.0, 86.23, 0.387; GCF_003781945.1, s__Halorubrum sp003781945, 95.0, 85.97, 0.37; GCF_002286985.1, s__Halorubrum salipaludis, 95.0, 85.87, 0.369; GCF_000022205.1, s__Halorubrum lacusprofundi, 95.0, 85.71, 0.363; GCF_029889805.1, s__Halorubrum sp029889805, 95.0, 85.45, 0.348; GCF_007671725.1, s__Halorubrum depositum, 95.0, 85.45, 0.345; GCF_001261915.1, s__Halorubrum sp001261915, 95.0, 85.37, 0.309; GCF_026586675.1, s__Halorubrum yunnanense, 95.0, 85.25, 0.317; GCF_002252755.1, s__Halorubrum sp002252755, 95.0, 85.12, 0.314; GCF_003721435.2, s__Halorubrum sp003721435, 95.0, 85.05, 0.308; GCF_024494565.1, s__Halorubrum rutilum, 95.0, 85.0, 0.294; GCF_001280455.1, s__Halorubrum tropicale, 95.0, 84.83, 0.27; GCF_937146585.1, s__Halorubrum sp937146585, 95.0, 84.41, 0.28; GCF_000337335.1, s__Halorubrum distributum, 95.0, 84.19, 0.267; GCF_017873555.1, s__Halorubrum trapanicum, 95.0, 84.05, 0.266; GCF_018228765.1, s__Halorubrum ruber, 95.0, 84.02, 0.272; GCF_013267195.1, s__Halorubrum salinarum, 95.0, 83.99, 0.255; GCF_002355655.1, s__Halorubrum trapanicum_A, 95.0, 83.99, 0.247; GCF_002114285.1, s__Halorubrum ezzemoulense, 95.0, 83.93, 0.254; GCF_000337075.1, s__Halorubrum hochstenium, 95.0, 83.82, 0.24; GCF_000337415.1, s__Halorubrum tebenquichense, 95.0, 83.8, 0.235; GCF_005435165.1, s__Halorubrum sp005435165, 95.0, 83.75, 0.238; GCF_900111935.1, s__Halorubrum sodomense, 95.0, 83.71, 0.246; GCF_900102375.1, s__Halorubrum xinjiangense, 95.0, 83.64, 0.249; GCF_000336995.1, s__Halorubrum aidingense, 95.0, 83.62, 0.274; GCF_018623055.1, s__Halorubrum sp018623055, 95.0, 83.47, 0.239; GCF_003666015.1, s__Halorubrum sp003666015, 95.0, 83.43, 0.233; GCF_000337035.1, s__Halorubrum coriense, 95.0, 83.4, 0.228; GCF_000336875.1, s__Halorubrum californiense, 95.0, 83.27, 0.23; GCF_901686465.1, s__Halorubrum sp901686465, 95.0, 83.14, 0.208; GCF_004114375.1, s__Halorubrum sp004114375, 95.0, 83.14, 0.205; GCF_024494575.1, s__Halorubrum salinum, 95.0, 82.94, 0.234; GCA_001564205.1, s__Halorubrum sp001564205, 95.0, 82.79, 0.163; GCF_000746205.1, s__Halorubrum sp000746205, 95.0, 82.49, 0.203; GCA_003023405.1, s__Halorubrum sp003023405, 95.0, 82.12, 0.205; GCF_024494655.1, s__Halorubrum laminariae, 95.0, 82.01, 0.157	97.85	11	N/A	N/A
Halorubrum_E301_2	d__Archaea;p__Halobacteriota;c__Halobacteria;o__Halobacteriales;f__Haloferacaceae;g__Halorubrum;s__Halorubrum sp003990725	GCF_003990725.2	95.0	d__Archaea;p__Halobacteriota;c__Halobacteria;o__Halobacteriales;f__Haloferacaceae;g__Halorubrum;s__Halorubrum sp003990725	95.25	0.829	GCF_003990725.2	95.0	d__Archaea;p__Halobacteriota;c__Halobacteria;o__Halobacteriales;f__Haloferacaceae;g__Halorubrum;s__Halorubrum sp003990725	95.25	0.829	d__Archaea;p__Halobacteriota;c__Halobacteria;o__Halobacteriales;f__Haloferacaceae;g__Halorubrum;s__	taxonomic classification defined by topology and ANI	topological placement and ANI have congruent species assignments	GCF_000337375.1, s__Halorubrum lipolyticum, 95.0, 86.8, 0.423; GCF_007671685.1, s__Halorubrum salsamenti, 95.0, 86.75, 0.435; GCF_000337355.1, s__Halorubrum kocurii, 95.0, 86.71, 0.452; GCF_002727125.1, s__Halorubrum persicum, 95.0, 86.42, 0.426; GCF_007671725.1, s__Halorubrum depositum, 95.0, 86.37, 0.345; GCF_000337915.1, s__Halorubrum saccharovorum, 95.0, 86.35, 0.402; GCF_000022205.1, s__Halorubrum lacusprofundi, 95.0, 86.26, 0.402; GCF_000739595.1, s__Halorubrum halophilum, 95.0, 86.24, 0.401; GCF_004114995.1, s__Halorubrum amylolyticum, 95.0, 86.17, 0.384; GCF_003781945.1, s__Halorubrum sp003781945, 95.0, 86.12, 0.399; GCF_002286985.1, s__Halorubrum salipaludis, 95.0, 86.06, 0.4; GCF_003721435.2, s__Halorubrum sp003721435, 95.0, 86.01, 0.347; GCF_001261915.1, s__Halorubrum sp001261915, 95.0, 85.4, 0.314; GCF_029889805.1, s__Halorubrum sp029889805, 95.0, 85.25, 0.348; GCF_002252755.1, s__Halorubrum sp002252755, 95.0, 85.12, 0.338; GCF_026586675.1, s__Halorubrum yunnanense, 95.0, 84.98, 0.319; GCF_024494565.1, s__Halorubrum rutilum, 95.0, 84.95, 0.319; GCF_013267195.1, s__Halorubrum salinarum, 95.0, 84.57, 0.278; GCF_001280455.1, s__Halorubrum tropicale, 95.0, 84.39, 0.285; GCF_937146585.1, s__Halorubrum sp937146585, 95.0, 84.28, 0.271; GCF_018228765.1, s__Halorubrum ruber, 95.0, 84.11, 0.27; GCF_000337335.1, s__Halorubrum distributum, 95.0, 84.1, 0.271; GCF_017873555.1, s__Halorubrum trapanicum, 95.0, 84.02, 0.272; GCF_901686465.1, s__Halorubrum sp901686465, 95.0, 83.98, 0.219; GCF_009742825.1, s__Halorubrum sp009742825, 95.0, 83.98, 0.153; GCF_000337415.1, s__Halorubrum tebenquichense, 95.0, 83.97, 0.237; GCF_003666015.1, s__Halorubrum sp003666015, 95.0, 83.85, 0.256; GCF_002114285.1, s__Halorubrum ezzemoulense, 95.0, 83.83, 0.265; GCF_000336995.1, s__Halorubrum aidingense, 95.0, 83.81, 0.266; GCF_002355655.1, s__Halorubrum trapanicum_A, 95.0, 83.74, 0.25; GCF_000337075.1, s__Halorubrum hochstenium, 95.0, 83.59, 0.241; GCF_018623055.1, s__Halorubrum sp018623055, 95.0, 83.58, 0.239; GCF_900102375.1, s__Halorubrum xinjiangense, 95.0, 83.53, 0.245; GCF_900111935.1, s__Halorubrum sodomense, 95.0, 83.52, 0.238; GCF_000337035.1, s__Halorubrum coriense, 95.0, 83.49, 0.253; GCF_005435165.1, s__Halorubrum sp005435165, 95.0, 83.32, 0.232; GCF_000336875.1, s__Halorubrum californiense, 95.0, 83.06, 0.262; GCF_000746205.1, s__Halorubrum sp000746205, 95.0, 82.92, 0.215; GCA_001564205.1, s__Halorubrum sp001564205, 95.0, 82.9, 0.168; GCF_004114375.1, s__Halorubrum sp004114375, 95.0, 82.89, 0.216; GCF_024494575.1, s__Halorubrum salinum, 95.0, 82.82, 0.233; GCA_003023405.1, s__Halorubrum sp003023405, 95.0, 82.24, 0.205; GCF_024494655.1, s__Halorubrum laminariae, 95.0, 82.13, 0.181; GCF_002252985.1, s__Halorubrum halodurans, 95.0, 81.99, 0.15; GCF_001542905.1, s__Halorubrum aethiopicum, 95.0, 81.7, 0.154	95.92	11	N/A	N/A
Halorubrum_E301_3	d__Archaea;p__Halobacteriota;c__Halobacteria;o__Halobacteriales;f__Haloferacaceae;g__Halorubrum;s__Halorubrum tropicale	GCF_001280455.1	95.0	d__Archaea;p__Halobacteriota;c__Halobacteria;o__Halobacteriales;f__Haloferacaceae;g__Halorubrum;s__Halorubrum tropicale	97.84	0.807	GCF_001280455.1	95.0	d__Archaea;p__Halobacteriota;c__Halobacteria;o__Halobacteriales;f__Haloferacaceae;g__Halorubrum;s__Halorubrum tropicale	97.84	0.807	d__Archaea;p__Halobacteriota;c__Halobacteria;o__Halobacteriales;f__Haloferacaceae;g__Halorubrum;s__	taxonomic classification defined by topology and ANI	topological placement and ANI have congruent species assignments	GCF_013267195.1, s__Halorubrum salinarum, 95.0, 95.08, 0.712; GCF_002355655.1, s__Halorubrum trapanicum_A, 95.0, 90.79, 0.646; GCF_000337335.1, s__Halorubrum distributum, 95.0, 90.74, 0.655; GCF_003666015.1, s__Halorubrum sp003666015, 95.0, 90.45, 0.569; GCF_018228765.1, s__Halorubrum ruber, 95.0, 90.37, 0.659; GCF_937146585.1, s__Halorubrum sp937146585, 95.0, 89.99, 0.665; GCF_900111935.1, s__Halorubrum sodomense, 95.0, 89.86, 0.614; GCF_017873555.1, s__Halorubrum trapanicum, 95.0, 89.73, 0.562; GCF_900102375.1, s__Halorubrum xinjiangense, 95.0, 89.58, 0.587; GCF_002114285.1, s__Halorubrum ezzemoulense, 95.0, 89.53, 0.56; GCF_005435165.1, s__Halorubrum sp005435165, 95.0, 89.51, 0.57; GCF_018623055.1, s__Halorubrum sp018623055, 95.0, 89.16, 0.569; GCF_000336875.1, s__Halorubrum californiense, 95.0, 89.09, 0.518; GCF_000337075.1, s__Halorubrum hochstenium, 95.0, 88.56, 0.573; GCF_000337035.1, s__Halorubrum coriense, 95.0, 88.43, 0.523; GCF_000337415.1, s__Halorubrum tebenquichense, 95.0, 88.32, 0.505; GCF_901686465.1, s__Halorubrum sp901686465, 95.0, 87.97, 0.471; GCF_004114375.1, s__Halorubrum sp004114375, 95.0, 87.19, 0.433; GCA_003023405.1, s__Halorubrum sp003023405, 95.0, 86.87, 0.464; GCF_001261915.1, s__Halorubrum sp001261915, 95.0, 85.37, 0.306; GCF_024494565.1, s__Halorubrum rutilum, 95.0, 85.1, 0.305; GCF_003721435.2, s__Halorubrum sp003721435, 95.0, 85.05, 0.286; GCF_004114995.1, s__Halorubrum amylolyticum, 95.0, 84.94, 0.267; GCF_026586675.1, s__Halorubrum yunnanense, 95.0, 84.85, 0.297; GCF_000337375.1, s__Halorubrum lipolyticum, 95.0, 84.76, 0.272; GCF_007671725.1, s__Halorubrum depositum, 95.0, 84.73, 0.303; GCF_000337355.1, s__Halorubrum kocurii, 95.0, 84.67, 0.281; GCF_029889805.1, s__Halorubrum sp029889805, 95.0, 84.64, 0.309; GCF_000739595.1, s__Halorubrum halophilum, 95.0, 84.63, 0.268; GCF_002286985.1, s__Halorubrum salipaludis, 95.0, 84.62, 0.272; GCF_000337915.1, s__Halorubrum saccharovorum, 95.0, 84.55, 0.269; GCF_002727125.1, s__Halorubrum persicum, 95.0, 84.53, 0.258; GCF_003781945.1, s__Halorubrum sp003781945, 95.0, 84.52, 0.265; GCF_007671685.1, s__Halorubrum salsamenti, 95.0, 84.4, 0.244; GCF_002252755.1, s__Halorubrum sp002252755, 95.0, 84.38, 0.258; GCF_009742825.1, s__Halorubrum sp009742825, 95.0, 84.24, 0.168; GCF_003990725.2, s__Halorubrum sp003990725, 95.0, 84.08, 0.288; GCF_000336995.1, s__Halorubrum aidingense, 95.0, 83.54, 0.228; GCF_000022205.1, s__Halorubrum lacusprofundi, 95.0, 83.25, 0.223; GCF_002252985.1, s__Halorubrum halodurans, 95.0, 82.97, 0.178; GCF_024494575.1, s__Halorubrum salinum, 95.0, 82.91, 0.231; GCF_001542905.1, s__Halorubrum aethiopicum, 95.0, 82.69, 0.181; GCF_000746205.1, s__Halorubrum sp000746205, 95.0, 82.21, 0.187; GCF_024494685.1, s__Halorubrum rubrum, 95.0, 82.04, 0.164; GCF_900113615.1, s__Halorubrum aquaticum, 95.0, 81.91, 0.168; GCF_900182635.1, s__Halorubrum cibi, 95.0, 81.64, 0.158	97.71	11	N/A	N/A
Halorubrum_E301_4	d__Archaea;p__Halobacteriota;c__Halobacteria;o__Halobacteriales;f__Haloferacaceae;g__Halorubrum;s__	N/A	N/A	N/A	N/A	N/A	N/A	N/A	N/A	N/A	N/A	d__Archaea;p__Halobacteriota;c__Halobacteria;o__Halobacteriales;f__Haloferacaceae;g__Halorubrum;s__	taxonomic classification defined by topology and ANI	N/A	GCF_001280455.1, s__Halorubrum tropicale, 95.0, 92.05, 0.662; GCF_013267195.1, s__Halorubrum salinarum, 95.0, 91.71, 0.675; GCF_018228765.1, s__Halorubrum ruber, 95.0, 90.93, 0.67; GCF_002355655.1, s__Halorubrum trapanicum_A, 95.0, 90.93, 0.664; GCF_000337335.1, s__Halorubrum distributum, 95.0, 90.78, 0.637; GCF_003666015.1, s__Halorubrum sp003666015, 95.0, 90.45, 0.604; GCF_937146585.1, s__Halorubrum sp937146585, 95.0, 90.2, 0.695; GCF_900111935.1, s__Halorubrum sodomense, 95.0, 90.16, 0.653; GCF_900102375.1, s__Halorubrum xinjiangense, 95.0, 89.96, 0.607; GCF_018623055.1, s__Halorubrum sp018623055, 95.0, 89.71, 0.601; GCF_017873555.1, s__Halorubrum trapanicum, 95.0, 89.69, 0.581; GCF_000336875.1, s__Halorubrum californiense, 95.0, 89.63, 0.551; GCF_005435165.1, s__Halorubrum sp005435165, 95.0, 89.55, 0.567; GCF_002114285.1, s__Halorubrum ezzemoulense, 95.0, 89.51, 0.547; GCF_000337035.1, s__Halorubrum coriense, 95.0, 88.98, 0.535; GCF_000337075.1, s__Halorubrum hochstenium, 95.0, 88.8, 0.574; GCF_000337415.1, s__Halorubrum tebenquichense, 95.0, 88.09, 0.514; GCF_901686465.1, s__Halorubrum sp901686465, 95.0, 87.99, 0.497; GCF_004114375.1, s__Halorubrum sp004114375, 95.0, 87.19, 0.47; GCA_003023405.1, s__Halorubrum sp003023405, 95.0, 87.01, 0.456; GCF_001261915.1, s__Halorubrum sp001261915, 95.0, 85.46, 0.317; GCF_024494565.1, s__Halorubrum rutilum, 95.0, 85.26, 0.297; GCF_003721435.2, s__Halorubrum sp003721435, 95.0, 85.21, 0.303; GCF_007671725.1, s__Halorubrum depositum, 95.0, 85.08, 0.314; GCF_026586675.1, s__Halorubrum yunnanense, 95.0, 84.98, 0.294; GCF_029889805.1, s__Halorubrum sp029889805, 95.0, 84.95, 0.32; GCF_000337375.1, s__Halorubrum lipolyticum, 95.0, 84.95, 0.283; GCF_000337355.1, s__Halorubrum kocurii, 95.0, 84.85, 0.289; GCF_004114995.1, s__Halorubrum amylolyticum, 95.0, 84.84, 0.275; GCF_000337915.1, s__Halorubrum saccharovorum, 95.0, 84.71, 0.272; GCF_002286985.1, s__Halorubrum salipaludis, 95.0, 84.63, 0.299; GCF_003781945.1, s__Halorubrum sp003781945, 95.0, 84.63, 0.294; GCF_002727125.1, s__Halorubrum persicum, 95.0, 84.58, 0.262; GCF_000739595.1, s__Halorubrum halophilum, 95.0, 84.56, 0.281; GCF_002252755.1, s__Halorubrum sp002252755, 95.0, 84.4, 0.286; GCF_007671685.1, s__Halorubrum salsamenti, 95.0, 84.26, 0.258; GCF_009742825.1, s__Halorubrum sp009742825, 95.0, 84.05, 0.162; GCF_003990725.2, s__Halorubrum sp003990725, 95.0, 83.45, 0.25; GCF_000336995.1, s__Halorubrum aidingense, 95.0, 83.21, 0.22; GCF_024494575.1, s__Halorubrum salinum, 95.0, 83.16, 0.231; GCF_000022205.1, s__Halorubrum lacusprofundi, 95.0, 83.11, 0.226; GCF_001542905.1, s__Halorubrum aethiopicum, 95.0, 82.66, 0.178; GCF_002252985.1, s__Halorubrum halodurans, 95.0, 82.6, 0.169; GCF_000746205.1, s__Halorubrum sp000746205, 95.0, 82.58, 0.187; GCF_024494685.1, s__Halorubrum rubrum, 95.0, 82.39, 0.159; GCF_900113615.1, s__Halorubrum aquaticum, 95.0, 81.96, 0.159	98.87	11	0.98829	Genome not assigned to closest species as it falls outside its pre-defined ANI radius
Halorubrum_E302_1	d__Archaea;p__Halobacteriota;c__Halobacteria;o__Halobacteriales;f__Haloferacaceae;g__Halorubrum;s__Halorubrum ezzemoulense	GCF_002114285.1	95.0	d__Archaea;p__Halobacteriota;c__Halobacteria;o__Halobacteriales;f__Haloferacaceae;g__Halorubrum;s__Halorubrum ezzemoulense	98.28	0.817	GCF_002114285.1	95.0	d__Archaea;p__Halobacteriota;c__Halobacteria;o__Halobacteriales;f__Haloferacaceae;g__Halorubrum;s__Halorubrum ezzemoulense	98.28	0.817	d__Archaea;p__Halobacteriota;c__Halobacteria;o__Halobacteriales;f__Haloferacaceae;g__Halorubrum;s__	taxonomic classification defined by topology and ANI	topological placement and ANI have congruent species assignments	GCF_937146585.1, s__Halorubrum sp937146585, 95.0, 91.47, 0.751; GCF_000337335.1, s__Halorubrum distributum, 95.0, 90.13, 0.627; GCF_000337035.1, s__Halorubrum coriense, 95.0, 89.99, 0.557; GCF_002355655.1, s__Halorubrum trapanicum_A, 95.0, 89.76, 0.603; GCF_013267195.1, s__Halorubrum salinarum, 95.0, 89.45, 0.587; GCF_001280455.1, s__Halorubrum tropicale, 95.0, 89.42, 0.568; GCF_018228765.1, s__Halorubrum ruber, 95.0, 89.41, 0.611; GCF_900111935.1, s__Halorubrum sodomense, 95.0, 89.28, 0.595; GCF_003666015.1, s__Halorubrum sp003666015, 95.0, 89.22, 0.51; GCF_900102375.1, s__Halorubrum xinjiangense, 95.0, 89.19, 0.578; GCF_017873555.1, s__Halorubrum trapanicum, 95.0, 89.03, 0.552; GCF_000336875.1, s__Halorubrum californiense, 95.0, 89.0, 0.532; GCF_018623055.1, s__Halorubrum sp018623055, 95.0, 88.85, 0.576; GCF_005435165.1, s__Halorubrum sp005435165, 95.0, 88.57, 0.553; GCF_000337075.1, s__Halorubrum hochstenium, 95.0, 88.44, 0.564; GCF_000337415.1, s__Halorubrum tebenquichense, 95.0, 88.01, 0.507; GCF_901686465.1, s__Halorubrum sp901686465, 95.0, 87.7, 0.474; GCF_004114375.1, s__Halorubrum sp004114375, 95.0, 86.86, 0.418; GCA_003023405.1, s__Halorubrum sp003023405, 95.0, 86.79, 0.457; GCF_001261915.1, s__Halorubrum sp001261915, 95.0, 84.95, 0.311; GCF_000739595.1, s__Halorubrum halophilum, 95.0, 84.65, 0.246; GCF_024494565.1, s__Halorubrum rutilum, 95.0, 84.5, 0.283; GCF_004114995.1, s__Halorubrum amylolyticum, 95.0, 84.5, 0.252; GCF_007671725.1, s__Halorubrum depositum, 95.0, 84.39, 0.285; GCF_029889805.1, s__Halorubrum sp029889805, 95.0, 84.36, 0.285; GCF_003781945.1, s__Halorubrum sp003781945, 95.0, 84.25, 0.245; GCF_002727125.1, s__Halorubrum persicum, 95.0, 84.22, 0.258; GCF_002252755.1, s__Halorubrum sp002252755, 95.0, 84.22, 0.25; GCF_000337355.1, s__Halorubrum kocurii, 95.0, 84.18, 0.26; GCF_003721435.2, s__Halorubrum sp003721435, 95.0, 84.13, 0.27; GCF_026586675.1, s__Halorubrum yunnanense, 95.0, 84.06, 0.28; GCF_000337375.1, s__Halorubrum lipolyticum, 95.0, 84.04, 0.252; GCF_007671685.1, s__Halorubrum salsamenti, 95.0, 84.01, 0.231; GCF_002286985.1, s__Halorubrum salipaludis, 95.0, 83.91, 0.265; GCF_000337915.1, s__Halorubrum saccharovorum, 95.0, 83.83, 0.254; GCF_003990725.2, s__Halorubrum sp003990725, 95.0, 83.47, 0.254; GCF_000022205.1, s__Halorubrum lacusprofundi, 95.0, 83.03, 0.204; GCF_000336995.1, s__Halorubrum aidingense, 95.0, 82.91, 0.209; GCF_024494575.1, s__Halorubrum salinum, 95.0, 82.31, 0.207; GCF_002252985.1, s__Halorubrum halodurans, 95.0, 82.09, 0.163; GCF_900182635.1, s__Halorubrum cibi, 95.0, 81.87, 0.152; GCF_000746205.1, s__Halorubrum sp000746205, 95.0, 81.77, 0.163; GCF_001542905.1, s__Halorubrum aethiopicum, 95.0, 81.69, 0.168; GCF_900113615.1, s__Halorubrum aquaticum, 95.0, 81.51, 0.165; GCF_024494685.1, s__Halorubrum rubrum, 95.0, 81.44, 0.155	98.54	11	N/A	N/A
Halorubrum_E303_2	d__Archaea;p__Halobacteriota;c__Halobacteria;o__Halobacteriales;f__Haloferacaceae;g__Halorubrum;s__Halorubrum sp937146585	GCF_937146585.1	95.0	d__Archaea;p__Halobacteriota;c__Halobacteria;o__Halobacteriales;f__Haloferacaceae;g__Halorubrum;s__Halorubrum sp937146585	99.58	0.942	GCF_937146585.1	95.0	d__Archaea;p__Halobacteriota;c__Halobacteria;o__Halobacteriales;f__Haloferacaceae;g__Halorubrum;s__Halorubrum sp937146585	99.58	0.942	d__Archaea;p__Halobacteriota;c__Halobacteria;o__Halobacteriales;f__Haloferacaceae;g__Halorubrum;s__	taxonomic classification defined by topology and ANI	topological placement and ANI have congruent species assignments	GCF_000337035.1, s__Halorubrum coriense, 95.0, 92.46, 0.695; GCF_002114285.1, s__Halorubrum ezzemoulense, 95.0, 90.78, 0.657; GCF_000337335.1, s__Halorubrum distributum, 95.0, 90.04, 0.598; GCF_013267195.1, s__Halorubrum salinarum, 95.0, 89.87, 0.637; GCF_000336875.1, s__Halorubrum californiense, 95.0, 89.78, 0.597; GCF_002355655.1, s__Halorubrum trapanicum_A, 95.0, 89.76, 0.605; GCF_018228765.1, s__Halorubrum ruber, 95.0, 89.51, 0.622; GCF_001280455.1, s__Halorubrum tropicale, 95.0, 89.45, 0.601; GCF_900102375.1, s__Halorubrum xinjiangense, 95.0, 89.44, 0.579; GCF_900111935.1, s__Halorubrum sodomense, 95.0, 89.26, 0.611; GCF_017873555.1, s__Halorubrum trapanicum, 95.0, 89.22, 0.558; GCF_003666015.1, s__Halorubrum sp003666015, 95.0, 89.19, 0.571; GCF_018623055.1, s__Halorubrum sp018623055, 95.0, 89.15, 0.594; GCF_005435165.1, s__Halorubrum sp005435165, 95.0, 89.0, 0.527; GCF_000337075.1, s__Halorubrum hochstenium, 95.0, 88.74, 0.592; GCF_901686465.1, s__Halorubrum sp901686465, 95.0, 88.25, 0.504; GCF_000337415.1, s__Halorubrum tebenquichense, 95.0, 88.09, 0.518; GCF_004114375.1, s__Halorubrum sp004114375, 95.0, 87.54, 0.476; GCA_003023405.1, s__Halorubrum sp003023405, 95.0, 86.84, 0.449; GCF_001261915.1, s__Halorubrum sp001261915, 95.0, 85.24, 0.307; GCF_003721435.2, s__Halorubrum sp003721435, 95.0, 85.09, 0.302; GCF_024494565.1, s__Halorubrum rutilum, 95.0, 85.07, 0.309; GCF_029889805.1, s__Halorubrum sp029889805, 95.0, 84.88, 0.301; GCF_000337355.1, s__Halorubrum kocurii, 95.0, 84.87, 0.287; GCF_007671725.1, s__Halorubrum depositum, 95.0, 84.86, 0.3; GCF_000337375.1, s__Halorubrum lipolyticum, 95.0, 84.73, 0.277; GCF_002286985.1, s__Halorubrum salipaludis, 95.0, 84.61, 0.3; GCF_002727125.1, s__Halorubrum persicum, 95.0, 84.56, 0.274; GCF_002252755.1, s__Halorubrum sp002252755, 95.0, 84.44, 0.301; GCF_004114995.1, s__Halorubrum amylolyticum, 95.0, 84.42, 0.271; GCF_026586675.1, s__Halorubrum yunnanense, 95.0, 84.38, 0.284; GCF_007671685.1, s__Halorubrum salsamenti, 95.0, 84.21, 0.26; GCF_009742825.1, s__Halorubrum sp009742825, 95.0, 84.21, 0.153; GCF_003781945.1, s__Halorubrum sp003781945, 95.0, 84.2, 0.289; GCF_000337915.1, s__Halorubrum saccharovorum, 95.0, 84.08, 0.268; GCF_000739595.1, s__Halorubrum halophilum, 95.0, 84.07, 0.276; GCF_003990725.2, s__Halorubrum sp003990725, 95.0, 83.72, 0.258; GCF_000336995.1, s__Halorubrum aidingense, 95.0, 83.51, 0.227; GCF_000022205.1, s__Halorubrum lacusprofundi, 95.0, 83.29, 0.229; GCF_024494575.1, s__Halorubrum salinum, 95.0, 83.1, 0.221; GCF_002252985.1, s__Halorubrum halodurans, 95.0, 82.88, 0.165; GCA_001564205.1, s__Halorubrum sp001564205, 95.0, 82.53, 0.151; GCF_001542905.1, s__Halorubrum aethiopicum, 95.0, 82.48, 0.177; GCF_000746205.1, s__Halorubrum sp000746205, 95.0, 82.26, 0.19; GCF_024494685.1, s__Halorubrum rubrum, 95.0, 82.08, 0.177; GCF_900182635.1, s__Halorubrum cibi, 95.0, 81.81, 0.157; GCF_900113615.1, s__Halorubrum aquaticum, 95.0, 81.78, 0.162; GCF_024494655.1, s__Halorubrum laminariae, 95.0, 81.78, 0.15	98.48	11	N/A	N/A
Halorubrum_GV4	d__Archaea;p__Halobacteriota;c__Halobacteria;o__Halobacteriales;f__Haloferacaceae;g__Halorubrum;s__	N/A	N/A	N/A	N/A	N/A	GCF_007671725.1	95.0	d__Archaea;p__Halobacteriota;c__Halobacteria;o__Halobacteriales;f__Haloferacaceae;g__Halorubrum;s__Halorubrum depositum	92.75	0.723	d__Archaea;p__Halobacteriota;c__Halobacteria;o__Halobacteriales;f__Haloferacaceae;g__Halorubrum;s__	taxonomic classification defined by topology and ANI	N/A	GCF_002252755.1, s__Halorubrum sp002252755, 95.0, 90.89, 0.68; GCF_024494565.1, s__Halorubrum rutilum, 95.0, 90.88, 0.587; GCF_003721435.2, s__Halorubrum sp003721435, 95.0, 90.83, 0.66; GCF_001261915.1, s__Halorubrum sp001261915, 95.0, 90.62, 0.541; GCF_029889805.1, s__Halorubrum sp029889805, 95.0, 90.05, 0.623; GCF_026586675.1, s__Halorubrum yunnanense, 95.0, 89.96, 0.535; GCF_000337375.1, s__Halorubrum lipolyticum, 95.0, 87.45, 0.433; GCF_004114995.1, s__Halorubrum amylolyticum, 95.0, 87.39, 0.394; GCF_000337915.1, s__Halorubrum saccharovorum, 95.0, 87.07, 0.412; GCF_003781945.1, s__Halorubrum sp003781945, 95.0, 86.93, 0.419; GCF_000739595.1, s__Halorubrum halophilum, 95.0, 86.9, 0.391; GCF_002727125.1, s__Halorubrum persicum, 95.0, 86.85, 0.385; GCF_002286985.1, s__Halorubrum salipaludis, 95.0, 86.84, 0.421; GCF_007671685.1, s__Halorubrum salsamenti, 95.0, 86.79, 0.421; GCF_000337355.1, s__Halorubrum kocurii, 95.0, 86.66, 0.396; GCF_000022205.1, s__Halorubrum lacusprofundi, 95.0, 86.13, 0.375; GCF_009742825.1, s__Halorubrum sp009742825, 95.0, 86.1, 0.206; GCF_002355655.1, s__Halorubrum trapanicum_A, 95.0, 85.94, 0.356; GCF_013267195.1, s__Halorubrum salinarum, 95.0, 85.81, 0.336; GCF_003666015.1, s__Halorubrum sp003666015, 95.0, 85.6, 0.32; GCF_000337335.1, s__Halorubrum distributum, 95.0, 85.59, 0.317; GCF_937146585.1, s__Halorubrum sp937146585, 95.0, 85.55, 0.334; GCF_017873555.1, s__Halorubrum trapanicum, 95.0, 85.48, 0.34; GCF_001280455.1, s__Halorubrum tropicale, 95.0, 85.47, 0.313; GCF_018228765.1, s__Halorubrum ruber, 95.0, 85.34, 0.339; GCF_900111935.1, s__Halorubrum sodomense, 95.0, 85.24, 0.343; GCF_005435165.1, s__Halorubrum sp005435165, 95.0, 85.24, 0.302; GCF_000336995.1, s__Halorubrum aidingense, 95.0, 85.22, 0.331; GCF_003990725.2, s__Halorubrum sp003990725, 95.0, 85.2, 0.309; GCF_900102375.1, s__Halorubrum xinjiangense, 95.0, 84.98, 0.323; GCF_000337415.1, s__Halorubrum tebenquichense, 95.0, 84.96, 0.287; GCF_000337075.1, s__Halorubrum hochstenium, 95.0, 84.94, 0.322; GCF_000337035.1, s__Halorubrum coriense, 95.0, 84.77, 0.296; GCF_018623055.1, s__Halorubrum sp018623055, 95.0, 84.72, 0.304; GCF_002114285.1, s__Halorubrum ezzemoulense, 95.0, 84.6, 0.283; GCF_901686465.1, s__Halorubrum sp901686465, 95.0, 84.45, 0.285; GCF_000336875.1, s__Halorubrum californiense, 95.0, 84.41, 0.304; GCF_024494575.1, s__Halorubrum salinum, 95.0, 84.25, 0.279; GCA_001564205.1, s__Halorubrum sp001564205, 95.0, 83.94, 0.227; GCF_004114375.1, s__Halorubrum sp004114375, 95.0, 83.89, 0.263; GCF_001542905.1, s__Halorubrum aethiopicum, 95.0, 83.71, 0.237; GCA_003023405.1, s__Halorubrum sp003023405, 95.0, 83.28, 0.233; GCF_000746205.1, s__Halorubrum sp000746205, 95.0, 83.21, 0.251; GCF_024494655.1, s__Halorubrum laminariae, 95.0, 83.14, 0.2; GCF_002252985.1, s__Halorubrum halodurans, 95.0, 83.1, 0.182; GCF_024494685.1, s__Halorubrum rubrum, 95.0, 82.96, 0.19; GCF_027257195.1, s__Halorubrum sp027257195, 95.0, 82.56, 0.181; GCF_900113615.1, s__Halorubrum aquaticum, 95.0, 82.54, 0.19; GCF_003697845.1, s__Halorubrum sp003697845, 95.0, 82.44, 0.191; GCF_900182635.1, s__Halorubrum cibi, 95.0, 82.23, 0.178; GCF_003287355.1, s__Halorubrum sp003287355, 95.0, 81.88, 0.161	97.78	11	0.99278	Genome not assigned to closest species as it falls outside its pre-defined ANI radius
Halorubrum_GV9	d__Archaea;p__Halobacteriota;c__Halobacteria;o__Halobacteriales;f__Haloferacaceae;g__Halorubrum;s__	N/A	N/A	N/A	N/A	N/A	N/A	N/A	N/A	N/A	N/A	d__Archaea;p__Halobacteriota;c__Halobacteria;o__Halobacteriales;f__Haloferacaceae;g__Halorubrum;s__	taxonomic classification defined by topology and ANI	N/A	GCF_018228765.1, s__Halorubrum ruber, 95.0, 93.32, 0.751; GCF_002355655.1, s__Halorubrum trapanicum_A, 95.0, 93.21, 0.774; GCF_000337335.1, s__Halorubrum distributum, 95.0, 92.84, 0.727; GCF_003666015.1, s__Halorubrum sp003666015, 95.0, 92.28, 0.718; GCF_900102375.1, s__Halorubrum xinjiangense, 95.0, 90.99, 0.678; GCF_013267195.1, s__Halorubrum salinarum, 95.0, 90.93, 0.704; GCF_900111935.1, s__Halorubrum sodomense, 95.0, 90.83, 0.672; GCF_005435165.1, s__Halorubrum sp005435165, 95.0, 90.6, 0.636; GCF_000336875.1, s__Halorubrum californiense, 95.0, 90.54, 0.661; GCF_017873555.1, s__Halorubrum trapanicum, 95.0, 90.37, 0.65; GCF_937146585.1, s__Halorubrum sp937146585, 95.0, 90.21, 0.627; GCF_018623055.1, s__Halorubrum sp018623055, 95.0, 90.2, 0.627; GCF_001280455.1, s__Halorubrum tropicale, 95.0, 90.2, 0.619; GCF_000337075.1, s__Halorubrum hochstenium, 95.0, 89.66, 0.596; GCF_002114285.1, s__Halorubrum ezzemoulense, 95.0, 89.42, 0.572; GCF_000337035.1, s__Halorubrum coriense, 95.0, 89.32, 0.579; GCF_000337415.1, s__Halorubrum tebenquichense, 95.0, 89.31, 0.57; GCF_901686465.1, s__Halorubrum sp901686465, 95.0, 88.8, 0.572; GCF_004114375.1, s__Halorubrum sp004114375, 95.0, 87.88, 0.509; GCA_003023405.1, s__Halorubrum sp003023405, 95.0, 87.46, 0.469; GCF_001261915.1, s__Halorubrum sp001261915, 95.0, 86.02, 0.351; GCF_003721435.2, s__Halorubrum sp003721435, 95.0, 85.91, 0.377; GCF_000337375.1, s__Halorubrum lipolyticum, 95.0, 85.89, 0.336; GCF_007671725.1, s__Halorubrum depositum, 95.0, 85.88, 0.358; GCF_029889805.1, s__Halorubrum sp029889805, 95.0, 85.52, 0.338; GCF_024494565.1, s__Halorubrum rutilum, 95.0, 85.5, 0.385; GCF_002286985.1, s__Halorubrum salipaludis, 95.0, 85.49, 0.366; GCF_026586675.1, s__Halorubrum yunnanense, 95.0, 85.42, 0.331; GCF_004114995.1, s__Halorubrum amylolyticum, 95.0, 85.41, 0.323; GCF_002727125.1, s__Halorubrum persicum, 95.0, 85.41, 0.311; GCF_003781945.1, s__Halorubrum sp003781945, 95.0, 85.28, 0.351; GCF_000337915.1, s__Halorubrum saccharovorum, 95.0, 85.2, 0.316; GCF_007671685.1, s__Halorubrum salsamenti, 95.0, 85.18, 0.319; GCF_000739595.1, s__Halorubrum halophilum, 95.0, 85.0, 0.316; GCF_002252755.1, s__Halorubrum sp002252755, 95.0, 84.98, 0.321; GCF_000337355.1, s__Halorubrum kocurii, 95.0, 84.76, 0.319; GCF_009742825.1, s__Halorubrum sp009742825, 95.0, 84.69, 0.18; GCF_000022205.1, s__Halorubrum lacusprofundi, 95.0, 84.1, 0.29; GCF_000336995.1, s__Halorubrum aidingense, 95.0, 83.78, 0.238; GCF_003990725.2, s__Halorubrum sp003990725, 95.0, 83.24, 0.233; GCF_002252985.1, s__Halorubrum halodurans, 95.0, 83.23, 0.178; GCF_024494575.1, s__Halorubrum salinum, 95.0, 83.19, 0.232; GCA_001564205.1, s__Halorubrum sp001564205, 95.0, 83.06, 0.17; GCF_001542905.1, s__Halorubrum aethiopicum, 95.0, 82.61, 0.201; GCF_000746205.1, s__Halorubrum sp000746205, 95.0, 82.55, 0.194; GCF_024494655.1, s__Halorubrum laminariae, 95.0, 82.42, 0.171; GCF_024494685.1, s__Halorubrum rubrum, 95.0, 82.21, 0.185; GCF_900182635.1, s__Halorubrum cibi, 95.0, 82.13, 0.176; GCF_027257195.1, s__Halorubrum sp027257195, 95.0, 82.02, 0.174; GCF_900113615.1, s__Halorubrum aquaticum, 95.0, 81.86, 0.169; GCF_003697845.1, s__Halorubrum sp003697845, 95.0, 81.4, 0.181; GCF_003287355.1, s__Halorubrum sp003287355, 95.0, 81.39, 0.162	98.32	11	0.99321	Genome not assigned to closest species as it falls outside its pre-defined ANI radius
Halorubrum_S1_1	d__Archaea;p__Halobacteriota;c__Halobacteria;o__Halobacteriales;f__Haloferacaceae;g__Halorubrum;s__	N/A	N/A	N/A	N/A	N/A	N/A	N/A	N/A	N/A	N/A	d__Archaea;p__Halobacteriota;c__Halobacteria;o__Halobacteriales;f__Haloferacaceae;g__Halorubrum;s__	taxonomic classification defined by topology and ANI	N/A	GCF_007671725.1, s__Halorubrum depositum, 95.0, 89.01, 0.574; GCF_002252755.1, s__Halorubrum sp002252755, 95.0, 88.76, 0.506; GCF_029889805.1, s__Halorubrum sp029889805, 95.0, 88.73, 0.565; GCF_003721435.2, s__Halorubrum sp003721435, 95.0, 88.56, 0.509; GCF_001261915.1, s__Halorubrum sp001261915, 95.0, 88.44, 0.487; GCF_026586675.1, s__Halorubrum yunnanense, 95.0, 88.11, 0.485; GCF_024494565.1, s__Halorubrum rutilum, 95.0, 87.84, 0.472; GCF_000337375.1, s__Halorubrum lipolyticum, 95.0, 86.24, 0.369; GCF_000337355.1, s__Halorubrum kocurii, 95.0, 85.99, 0.341; GCF_002727125.1, s__Halorubrum persicum, 95.0, 85.77, 0.321; GCF_000337915.1, s__Halorubrum saccharovorum, 95.0, 85.73, 0.341; GCF_003781945.1, s__Halorubrum sp003781945, 95.0, 85.57, 0.329; GCF_000739595.1, s__Halorubrum halophilum, 95.0, 85.55, 0.315; GCF_002286985.1, s__Halorubrum salipaludis, 95.0, 85.51, 0.33; GCF_003990725.2, s__Halorubrum sp003990725, 95.0, 85.41, 0.36; GCF_004114995.1, s__Halorubrum amylolyticum, 95.0, 85.4, 0.307; GCF_007671685.1, s__Halorubrum salsamenti, 95.0, 85.32, 0.334; GCF_002355655.1, s__Halorubrum trapanicum_A, 95.0, 85.04, 0.324; GCF_000336995.1, s__Halorubrum aidingense, 95.0, 85.01, 0.336; GCF_937146585.1, s__Halorubrum sp937146585, 95.0, 84.93, 0.32; GCF_000337335.1, s__Halorubrum distributum, 95.0, 84.84, 0.299; GCF_013267195.1, s__Halorubrum salinarum, 95.0, 84.81, 0.312; GCF_000022205.1, s__Halorubrum lacusprofundi, 95.0, 84.63, 0.312; GCF_018228765.1, s__Halorubrum ruber, 95.0, 84.56, 0.31; GCF_003666015.1, s__Halorubrum sp003666015, 95.0, 84.44, 0.276; GCF_900102375.1, s__Halorubrum xinjiangense, 95.0, 84.42, 0.298; GCF_001280455.1, s__Halorubrum tropicale, 95.0, 84.39, 0.282; GCF_009742825.1, s__Halorubrum sp009742825, 95.0, 84.32, 0.177; GCF_900111935.1, s__Halorubrum sodomense, 95.0, 84.26, 0.307; GCF_005435165.1, s__Halorubrum sp005435165, 95.0, 84.19, 0.278; GCF_018623055.1, s__Halorubrum sp018623055, 95.0, 84.0, 0.289; GCF_000337075.1, s__Halorubrum hochstenium, 95.0, 83.99, 0.294; GCF_000337035.1, s__Halorubrum coriense, 95.0, 83.97, 0.261; GCF_017873555.1, s__Halorubrum trapanicum, 95.0, 83.95, 0.282; GCF_000336875.1, s__Halorubrum californiense, 95.0, 83.95, 0.255; GCF_002114285.1, s__Halorubrum ezzemoulense, 95.0, 83.78, 0.243; GCF_000337415.1, s__Halorubrum tebenquichense, 95.0, 83.71, 0.255; GCF_901686465.1, s__Halorubrum sp901686465, 95.0, 83.58, 0.239; GCF_024494575.1, s__Halorubrum salinum, 95.0, 83.46, 0.252; GCF_004114375.1, s__Halorubrum sp004114375, 95.0, 83.4, 0.211; GCA_001564205.1, s__Halorubrum sp001564205, 95.0, 83.34, 0.205; GCA_003023405.1, s__Halorubrum sp003023405, 95.0, 82.6, 0.211; GCF_000746205.1, s__Halorubrum sp000746205, 95.0, 82.52, 0.217; GCF_002252985.1, s__Halorubrum halodurans, 95.0, 82.48, 0.158; GCF_003287355.1, s__Halorubrum sp003287355, 95.0, 82.4, 0.166; GCF_024494655.1, s__Halorubrum laminariae, 95.0, 82.1, 0.164; GCF_001542905.1, s__Halorubrum aethiopicum, 95.0, 82.02, 0.181; GCF_900182635.1, s__Halorubrum cibi, 95.0, 81.86, 0.172; GCF_024494685.1, s__Halorubrum rubrum, 95.0, 81.84, 0.177; GCF_900113615.1, s__Halorubrum aquaticum, 95.0, 81.5, 0.164; GCF_003697845.1, s__Halorubrum sp003697845, 95.0, 81.42, 0.159	98.6	11	0.98479	Genome not assigned to closest species as it falls outside its pre-defined ANI radius
Halorubrum_S3_3	d__Archaea;p__Halobacteriota;c__Halobacteria;o__Halobacteriales;f__Haloferacaceae;g__Halorubrum;s__Halorubrum sp003990725	GCF_003990725.2	95.0	d__Archaea;p__Halobacteriota;c__Halobacteria;o__Halobacteriales;f__Haloferacaceae;g__Halorubrum;s__Halorubrum sp003990725	95.03	0.83	GCF_003990725.2	95.0	d__Archaea;p__Halobacteriota;c__Halobacteria;o__Halobacteriales;f__Haloferacaceae;g__Halorubrum;s__Halorubrum sp003990725	95.03	0.83	d__Archaea;p__Halobacteriota;c__Halobacteria;o__Halobacteriales;f__Haloferacaceae;g__Halorubrum;s__	taxonomic classification defined by topology and ANI	topological placement and ANI have congruent species assignments	GCF_000337375.1, s__Halorubrum lipolyticum, 95.0, 87.02, 0.423; GCF_000337355.1, s__Halorubrum kocurii, 95.0, 86.62, 0.439; GCF_002727125.1, s__Halorubrum persicum, 95.0, 86.55, 0.418; GCF_000337915.1, s__Halorubrum saccharovorum, 95.0, 86.53, 0.391; GCF_007671685.1, s__Halorubrum salsamenti, 95.0, 86.51, 0.409; GCF_004114995.1, s__Halorubrum amylolyticum, 95.0, 86.39, 0.371; GCF_007671725.1, s__Halorubrum depositum, 95.0, 86.27, 0.344; GCF_002286985.1, s__Halorubrum salipaludis, 95.0, 86.2, 0.39; GCF_000739595.1, s__Halorubrum halophilum, 95.0, 86.18, 0.401; GCF_003781945.1, s__Halorubrum sp003781945, 95.0, 86.06, 0.394; GCF_000022205.1, s__Halorubrum lacusprofundi, 95.0, 86.06, 0.382; GCF_003721435.2, s__Halorubrum sp003721435, 95.0, 85.76, 0.325; GCF_001261915.1, s__Halorubrum sp001261915, 95.0, 85.4, 0.305; GCF_029889805.1, s__Halorubrum sp029889805, 95.0, 85.34, 0.351; GCF_002252755.1, s__Halorubrum sp002252755, 95.0, 85.07, 0.33; GCF_024494565.1, s__Halorubrum rutilum, 95.0, 85.01, 0.316; GCF_026586675.1, s__Halorubrum yunnanense, 95.0, 85.01, 0.312; GCF_937146585.1, s__Halorubrum sp937146585, 95.0, 84.63, 0.277; GCF_013267195.1, s__Halorubrum salinarum, 95.0, 84.45, 0.263; GCF_001280455.1, s__Halorubrum tropicale, 95.0, 84.38, 0.284; GCF_000337335.1, s__Halorubrum distributum, 95.0, 83.96, 0.263; GCF_017873555.1, s__Halorubrum trapanicum, 95.0, 83.92, 0.265; GCF_002114285.1, s__Halorubrum ezzemoulense, 95.0, 83.89, 0.259; GCF_000336995.1, s__Halorubrum aidingense, 95.0, 83.85, 0.266; GCF_000337415.1, s__Halorubrum tebenquichense, 95.0, 83.85, 0.234; GCF_018228765.1, s__Halorubrum ruber, 95.0, 83.8, 0.271; GCF_900111935.1, s__Halorubrum sodomense, 95.0, 83.65, 0.244; GCF_901686465.1, s__Halorubrum sp901686465, 95.0, 83.65, 0.214; GCF_000337075.1, s__Halorubrum hochstenium, 95.0, 83.63, 0.246; GCF_005435165.1, s__Halorubrum sp005435165, 95.0, 83.58, 0.228; GCF_900102375.1, s__Halorubrum xinjiangense, 95.0, 83.56, 0.24; GCF_018623055.1, s__Halorubrum sp018623055, 95.0, 83.56, 0.233; GCF_003666015.1, s__Halorubrum sp003666015, 95.0, 83.55, 0.247; GCF_000337035.1, s__Halorubrum coriense, 95.0, 83.47, 0.242; GCF_002355655.1, s__Halorubrum trapanicum_A, 95.0, 83.45, 0.247; GCF_000336875.1, s__Halorubrum californiense, 95.0, 83.27, 0.249; GCF_024494575.1, s__Halorubrum salinum, 95.0, 83.16, 0.244; GCF_004114375.1, s__Halorubrum sp004114375, 95.0, 83.01, 0.219; GCF_000746205.1, s__Halorubrum sp000746205, 95.0, 82.96, 0.216; GCA_001564205.1, s__Halorubrum sp001564205, 95.0, 82.68, 0.161; GCA_003023405.1, s__Halorubrum sp003023405, 95.0, 82.22, 0.204; GCF_024494655.1, s__Halorubrum laminariae, 95.0, 82.22, 0.169; GCF_001542905.1, s__Halorubrum aethiopicum, 95.0, 81.38, 0.151; GCF_900113615.1, s__Halorubrum aquaticum, 95.0, 81.32, 0.152	98.57	11	N/A	N/A
Halorubrum_S5a_2	d__Archaea;p__Halobacteriota;c__Halobacteria;o__Halobacteriales;f__Haloferacaceae;g__Halorubrum;s__	N/A	N/A	N/A	N/A	N/A	N/A	N/A	N/A	N/A	N/A	d__Archaea;p__Halobacteriota;c__Halobacteria;o__Halobacteriales;f__Haloferacaceae;g__Halorubrum;s__	taxonomic classification defined by topology and ANI	N/A	GCF_007671725.1, s__Halorubrum depositum, 95.0, 89.08, 0.559; GCF_002252755.1, s__Halorubrum sp002252755, 95.0, 88.75, 0.501; GCF_029889805.1, s__Halorubrum sp029889805, 95.0, 88.66, 0.555; GCF_003721435.2, s__Halorubrum sp003721435, 95.0, 88.62, 0.506; GCF_026586675.1, s__Halorubrum yunnanense, 95.0, 88.4, 0.488; GCF_001261915.1, s__Halorubrum sp001261915, 95.0, 88.16, 0.488; GCF_024494565.1, s__Halorubrum rutilum, 95.0, 87.74, 0.472; GCF_000337375.1, s__Halorubrum lipolyticum, 95.0, 86.08, 0.355; GCF_000337355.1, s__Halorubrum kocurii, 95.0, 86.01, 0.335; GCF_000739595.1, s__Halorubrum halophilum, 95.0, 85.76, 0.315; GCF_000337915.1, s__Halorubrum saccharovorum, 95.0, 85.67, 0.334; GCF_002286985.1, s__Halorubrum salipaludis, 95.0, 85.65, 0.331; GCF_004114995.1, s__Halorubrum amylolyticum, 95.0, 85.57, 0.299; GCF_002727125.1, s__Halorubrum persicum, 95.0, 85.49, 0.328; GCF_003781945.1, s__Halorubrum sp003781945, 95.0, 85.43, 0.33; GCF_007671685.1, s__Halorubrum salsamenti, 95.0, 85.38, 0.324; GCF_003990725.2, s__Halorubrum sp003990725, 95.0, 85.21, 0.348; GCF_937146585.1, s__Halorubrum sp937146585, 95.0, 85.0, 0.314; GCF_002355655.1, s__Halorubrum trapanicum_A, 95.0, 84.98, 0.316; GCF_013267195.1, s__Halorubrum salinarum, 95.0, 84.85, 0.307; GCF_000336995.1, s__Halorubrum aidingense, 95.0, 84.82, 0.333; GCF_000337335.1, s__Halorubrum distributum, 95.0, 84.68, 0.286; GCF_000022205.1, s__Halorubrum lacusprofundi, 95.0, 84.66, 0.311; GCF_018228765.1, s__Halorubrum ruber, 95.0, 84.64, 0.305; GCF_009742825.1, s__Halorubrum sp009742825, 95.0, 84.49, 0.177; GCF_005435165.1, s__Halorubrum sp005435165, 95.0, 84.39, 0.28; GCF_003666015.1, s__Halorubrum sp003666015, 95.0, 84.31, 0.266; GCF_001280455.1, s__Halorubrum tropicale, 95.0, 84.27, 0.284; GCF_000336875.1, s__Halorubrum californiense, 95.0, 84.25, 0.249; GCF_017873555.1, s__Halorubrum trapanicum, 95.0, 84.22, 0.279; GCF_900111935.1, s__Halorubrum sodomense, 95.0, 84.14, 0.304; GCF_002114285.1, s__Halorubrum ezzemoulense, 95.0, 84.12, 0.241; GCF_018623055.1, s__Halorubrum sp018623055, 95.0, 84.11, 0.287; GCF_000337075.1, s__Halorubrum hochstenium, 95.0, 84.05, 0.287; GCF_000337035.1, s__Halorubrum coriense, 95.0, 84.01, 0.254; GCF_900102375.1, s__Halorubrum xinjiangense, 95.0, 83.99, 0.286; GCF_000337415.1, s__Halorubrum tebenquichense, 95.0, 83.81, 0.256; GCF_024494575.1, s__Halorubrum salinum, 95.0, 83.69, 0.261; GCA_001564205.1, s__Halorubrum sp001564205, 95.0, 83.6, 0.209; GCF_901686465.1, s__Halorubrum sp901686465, 95.0, 83.34, 0.239; GCF_004114375.1, s__Halorubrum sp004114375, 95.0, 83.31, 0.206; GCF_000746205.1, s__Halorubrum sp000746205, 95.0, 82.7, 0.221; GCF_002252985.1, s__Halorubrum halodurans, 95.0, 82.64, 0.162; GCA_003023405.1, s__Halorubrum sp003023405, 95.0, 82.62, 0.208; GCF_024494655.1, s__Halorubrum laminariae, 95.0, 82.4, 0.154; GCF_003287355.1, s__Halorubrum sp003287355, 95.0, 82.24, 0.16; GCF_001542905.1, s__Halorubrum aethiopicum, 95.0, 82.04, 0.185; GCF_900113615.1, s__Halorubrum aquaticum, 95.0, 81.67, 0.17; GCF_900182635.1, s__Halorubrum cibi, 95.0, 81.58, 0.169; GCF_024494685.1, s__Halorubrum rubrum, 95.0, 81.52, 0.173; GCF_003697845.1, s__Halorubrum sp003697845, 95.0, 81.28, 0.157; GCF_027257195.1, s__Halorubrum sp027257195, 95.0, 81.11, 0.154	95.97	11	0.98466	Genome not assigned to closest species as it falls outside its pre-defined ANI radius
Halorubrum_S5a_4	d__Archaea;p__Halobacteriota;c__Halobacteria;o__Halobacteriales;f__Haloferacaceae;g__Halorubrum;s__	N/A	N/A	N/A	N/A	N/A	N/A	N/A	N/A	N/A	N/A	d__Archaea;p__Halobacteriota;c__Halobacteria;o__Halobacteriales;f__Haloferacaceae;g__Halorubrum;s__	taxonomic classification defined by topology and ANI	N/A	GCF_007671725.1, s__Halorubrum depositum, 95.0, 89.19, 0.565; GCF_003721435.2, s__Halorubrum sp003721435, 95.0, 89.12, 0.543; GCF_002252755.1, s__Halorubrum sp002252755, 95.0, 88.85, 0.543; GCF_029889805.1, s__Halorubrum sp029889805, 95.0, 88.67, 0.556; GCF_026586675.1, s__Halorubrum yunnanense, 95.0, 88.52, 0.479; GCF_001261915.1, s__Halorubrum sp001261915, 95.0, 88.21, 0.491; GCF_024494565.1, s__Halorubrum rutilum, 95.0, 87.69, 0.493; GCF_000337375.1, s__Halorubrum lipolyticum, 95.0, 86.27, 0.372; GCF_004114995.1, s__Halorubrum amylolyticum, 95.0, 85.95, 0.324; GCF_000337355.1, s__Halorubrum kocurii, 95.0, 85.89, 0.364; GCF_007671685.1, s__Halorubrum salsamenti, 95.0, 85.78, 0.361; GCF_000739595.1, s__Halorubrum halophilum, 95.0, 85.55, 0.336; GCF_000337915.1, s__Halorubrum saccharovorum, 95.0, 85.52, 0.348; GCF_002727125.1, s__Halorubrum persicum, 95.0, 85.51, 0.352; GCF_003781945.1, s__Halorubrum sp003781945, 95.0, 85.48, 0.356; GCF_002286985.1, s__Halorubrum salipaludis, 95.0, 85.48, 0.345; GCF_003990725.2, s__Halorubrum sp003990725, 95.0, 85.21, 0.35; GCF_002355655.1, s__Halorubrum trapanicum_A, 95.0, 85.12, 0.325; GCF_000336995.1, s__Halorubrum aidingense, 95.0, 84.89, 0.332; GCF_000022205.1, s__Halorubrum lacusprofundi, 95.0, 84.76, 0.332; GCF_937146585.1, s__Halorubrum sp937146585, 95.0, 84.75, 0.315; GCF_000337335.1, s__Halorubrum distributum, 95.0, 84.72, 0.293; GCF_018228765.1, s__Halorubrum ruber, 95.0, 84.69, 0.316; GCF_003666015.1, s__Halorubrum sp003666015, 95.0, 84.58, 0.304; GCF_013267195.1, s__Halorubrum salinarum, 95.0, 84.54, 0.31; GCF_001280455.1, s__Halorubrum tropicale, 95.0, 84.47, 0.301; GCF_009742825.1, s__Halorubrum sp009742825, 95.0, 84.36, 0.174; GCF_005435165.1, s__Halorubrum sp005435165, 95.0, 84.22, 0.286; GCF_900102375.1, s__Halorubrum xinjiangense, 95.0, 84.19, 0.294; GCF_900111935.1, s__Halorubrum sodomense, 95.0, 84.17, 0.308; GCF_000337075.1, s__Halorubrum hochstenium, 95.0, 84.16, 0.285; GCF_000337035.1, s__Halorubrum coriense, 95.0, 84.08, 0.278; GCF_002114285.1, s__Halorubrum ezzemoulense, 95.0, 84.07, 0.263; GCF_017873555.1, s__Halorubrum trapanicum, 95.0, 84.04, 0.286; GCF_018623055.1, s__Halorubrum sp018623055, 95.0, 83.99, 0.294; GCF_000337415.1, s__Halorubrum tebenquichense, 95.0, 83.97, 0.253; GCF_000336875.1, s__Halorubrum californiense, 95.0, 83.95, 0.27; GCA_001564205.1, s__Halorubrum sp001564205, 95.0, 83.49, 0.214; GCF_024494575.1, s__Halorubrum salinum, 95.0, 83.37, 0.251; GCF_901686465.1, s__Halorubrum sp901686465, 95.0, 83.29, 0.249; GCF_004114375.1, s__Halorubrum sp004114375, 95.0, 82.83, 0.232; GCF_002252985.1, s__Halorubrum halodurans, 95.0, 82.8, 0.157; GCA_003023405.1, s__Halorubrum sp003023405, 95.0, 82.73, 0.211; GCF_000746205.1, s__Halorubrum sp000746205, 95.0, 82.54, 0.22; GCF_024494655.1, s__Halorubrum laminariae, 95.0, 82.41, 0.17; GCF_001542905.1, s__Halorubrum aethiopicum, 95.0, 82.18, 0.177; GCF_900182635.1, s__Halorubrum cibi, 95.0, 81.71, 0.169; GCF_024494685.1, s__Halorubrum rubrum, 95.0, 81.7, 0.165; GCF_900113615.1, s__Halorubrum aquaticum, 95.0, 81.41, 0.171; GCF_003697845.1, s__Halorubrum sp003697845, 95.0, 81.39, 0.171; GCF_027257195.1, s__Halorubrum sp027257195, 95.0, 81.33, 0.15	98.3	11	0.98457	Genome not assigned to closest species as it falls outside its pre-defined ANI radius
Halorubrum_S5a_6	d__Archaea;p__Halobacteriota;c__Halobacteria;o__Halobacteriales;f__Haloferacaceae;g__Halorubrum;s__	N/A	N/A	N/A	N/A	N/A	N/A	N/A	N/A	N/A	N/A	d__Archaea;p__Halobacteriota;c__Halobacteria;o__Halobacteriales;f__Haloferacaceae;g__Halorubrum;s__	taxonomic classification defined by topology and ANI	N/A	GCF_003721435.2, s__Halorubrum sp003721435, 95.0, 89.37, 0.521; GCF_007671725.1, s__Halorubrum depositum, 95.0, 89.22, 0.566; GCF_029889805.1, s__Halorubrum sp029889805, 95.0, 88.82, 0.556; GCF_002252755.1, s__Halorubrum sp002252755, 95.0, 88.79, 0.534; GCF_026586675.1, s__Halorubrum yunnanense, 95.0, 88.54, 0.473; GCF_001261915.1, s__Halorubrum sp001261915, 95.0, 88.33, 0.484; GCF_024494565.1, s__Halorubrum rutilum, 95.0, 87.81, 0.471; GCF_000337375.1, s__Halorubrum lipolyticum, 95.0, 86.09, 0.365; GCF_000337355.1, s__Halorubrum kocurii, 95.0, 85.93, 0.358; GCF_004114995.1, s__Halorubrum amylolyticum, 95.0, 85.85, 0.315; GCF_000337915.1, s__Halorubrum saccharovorum, 95.0, 85.76, 0.342; GCF_002727125.1, s__Halorubrum persicum, 95.0, 85.73, 0.346; GCF_007671685.1, s__Halorubrum salsamenti, 95.0, 85.67, 0.344; GCF_000739595.1, s__Halorubrum halophilum, 95.0, 85.66, 0.334; GCF_003781945.1, s__Halorubrum sp003781945, 95.0, 85.63, 0.352; GCF_002286985.1, s__Halorubrum salipaludis, 95.0, 85.42, 0.329; GCF_003990725.2, s__Halorubrum sp003990725, 95.0, 85.08, 0.354; GCF_002355655.1, s__Halorubrum trapanicum_A, 95.0, 85.04, 0.312; GCF_013267195.1, s__Halorubrum salinarum, 95.0, 84.94, 0.312; GCF_000022205.1, s__Halorubrum lacusprofundi, 95.0, 84.83, 0.327; GCF_937146585.1, s__Halorubrum sp937146585, 95.0, 84.83, 0.32; GCF_000336995.1, s__Halorubrum aidingense, 95.0, 84.77, 0.324; GCF_000337335.1, s__Halorubrum distributum, 95.0, 84.63, 0.293; GCF_009742825.1, s__Halorubrum sp009742825, 95.0, 84.59, 0.173; GCF_018228765.1, s__Halorubrum ruber, 95.0, 84.55, 0.311; GCF_900102375.1, s__Halorubrum xinjiangense, 95.0, 84.55, 0.295; GCF_003666015.1, s__Halorubrum sp003666015, 95.0, 84.42, 0.29; GCF_005435165.1, s__Halorubrum sp005435165, 95.0, 84.35, 0.28; GCF_001280455.1, s__Halorubrum tropicale, 95.0, 84.34, 0.292; GCF_000336875.1, s__Halorubrum californiense, 95.0, 84.19, 0.263; GCF_017873555.1, s__Halorubrum trapanicum, 95.0, 84.16, 0.285; GCF_018623055.1, s__Halorubrum sp018623055, 95.0, 84.12, 0.296; GCF_900111935.1, s__Halorubrum sodomense, 95.0, 84.09, 0.297; GCF_000337035.1, s__Halorubrum coriense, 95.0, 84.04, 0.275; GCF_000337075.1, s__Halorubrum hochstenium, 95.0, 83.96, 0.283; GCF_002114285.1, s__Halorubrum ezzemoulense, 95.0, 83.89, 0.258; GCF_000337415.1, s__Halorubrum tebenquichense, 95.0, 83.87, 0.253; GCF_901686465.1, s__Halorubrum sp901686465, 95.0, 83.47, 0.241; GCF_024494575.1, s__Halorubrum salinum, 95.0, 83.45, 0.247; GCA_001564205.1, s__Halorubrum sp001564205, 95.0, 83.36, 0.211; GCF_004114375.1, s__Halorubrum sp004114375, 95.0, 83.06, 0.221; GCF_002252985.1, s__Halorubrum halodurans, 95.0, 82.7, 0.161; GCA_003023405.1, s__Halorubrum sp003023405, 95.0, 82.67, 0.207; GCF_000746205.1, s__Halorubrum sp000746205, 95.0, 82.58, 0.213; GCF_024494655.1, s__Halorubrum laminariae, 95.0, 82.29, 0.162; GCF_001542905.1, s__Halorubrum aethiopicum, 95.0, 82.27, 0.178; GCF_900182635.1, s__Halorubrum cibi, 95.0, 81.44, 0.163; GCF_024494685.1, s__Halorubrum rubrum, 95.0, 81.43, 0.156; GCF_900113615.1, s__Halorubrum aquaticum, 95.0, 81.38, 0.171; GCF_003697845.1, s__Halorubrum sp003697845, 95.0, 81.24, 0.161	95.81	11	0.98459	Genome not assigned to closest species as it falls outside its pre-defined ANI radius
Halorubrum_SL5	d__Archaea;p__Halobacteriota;c__Halobacteria;o__Halobacteriales;f__Haloferacaceae;g__Halorubrum;s__Halorubrum saccharovorum	GCF_000337915.1	95.0	d__Archaea;p__Halobacteriota;c__Halobacteria;o__Halobacteriales;f__Haloferacaceae;g__Halorubrum;s__Halorubrum saccharovorum	98.85	0.859	GCF_000337915.1	95.0	d__Archaea;p__Halobacteriota;c__Halobacteria;o__Halobacteriales;f__Haloferacaceae;g__Halorubrum;s__Halorubrum saccharovorum	98.85	0.859	d__Archaea;p__Halobacteriota;c__Halobacteria;o__Halobacteriales;f__Haloferacaceae;g__Halorubrum;s__	taxonomic classification defined by topology and ANI	topological placement and ANI have congruent species assignments	GCF_007671685.1, s__Halorubrum salsamenti, 95.0, 90.67, 0.619; GCF_004114995.1, s__Halorubrum amylolyticum, 95.0, 90.55, 0.541; GCF_002286985.1, s__Halorubrum salipaludis, 95.0, 90.06, 0.582; GCF_000739595.1, s__Halorubrum halophilum, 95.0, 89.95, 0.55; GCF_003781945.1, s__Halorubrum sp003781945, 95.0, 89.75, 0.557; GCF_000337375.1, s__Halorubrum lipolyticum, 95.0, 89.58, 0.528; GCF_002727125.1, s__Halorubrum persicum, 95.0, 89.46, 0.53; GCF_000337355.1, s__Halorubrum kocurii, 95.0, 88.84, 0.486; GCF_000022205.1, s__Halorubrum lacusprofundi, 95.0, 88.19, 0.505; GCF_007671725.1, s__Halorubrum depositum, 95.0, 87.27, 0.454; GCF_029889805.1, s__Halorubrum sp029889805, 95.0, 87.06, 0.418; GCF_001261915.1, s__Halorubrum sp001261915, 95.0, 86.76, 0.36; GCF_003721435.2, s__Halorubrum sp003721435, 95.0, 86.67, 0.418; GCF_024494565.1, s__Halorubrum rutilum, 95.0, 86.41, 0.355; GCF_026586675.1, s__Halorubrum yunnanense, 95.0, 86.38, 0.374; GCF_017873555.1, s__Halorubrum trapanicum, 95.0, 86.17, 0.368; GCF_003990725.2, s__Halorubrum sp003990725, 95.0, 86.11, 0.406; GCF_002252755.1, s__Halorubrum sp002252755, 95.0, 85.93, 0.371; GCF_000337335.1, s__Halorubrum distributum, 95.0, 85.49, 0.3; GCF_005435165.1, s__Halorubrum sp005435165, 95.0, 85.19, 0.286; GCF_002355655.1, s__Halorubrum trapanicum_A, 95.0, 85.11, 0.341; GCF_013267195.1, s__Halorubrum salinarum, 95.0, 85.03, 0.312; GCF_000336995.1, s__Halorubrum aidingense, 95.0, 85.01, 0.315; GCF_018228765.1, s__Halorubrum ruber, 95.0, 84.88, 0.305; GCF_003666015.1, s__Halorubrum sp003666015, 95.0, 84.82, 0.282; GCF_000337415.1, s__Halorubrum tebenquichense, 95.0, 84.79, 0.279; GCF_900111935.1, s__Halorubrum sodomense, 95.0, 84.73, 0.309; GCF_009742825.1, s__Halorubrum sp009742825, 95.0, 84.73, 0.21; GCF_937146585.1, s__Halorubrum sp937146585, 95.0, 84.71, 0.301; GCF_018623055.1, s__Halorubrum sp018623055, 95.0, 84.67, 0.304; GCF_901686465.1, s__Halorubrum sp901686465, 95.0, 84.63, 0.26; GCF_900102375.1, s__Halorubrum xinjiangense, 95.0, 84.6, 0.291; GCF_000337075.1, s__Halorubrum hochstenium, 95.0, 84.57, 0.301; GCF_001280455.1, s__Halorubrum tropicale, 95.0, 84.51, 0.275; GCF_000336875.1, s__Halorubrum californiense, 95.0, 84.29, 0.28; GCF_002114285.1, s__Halorubrum ezzemoulense, 95.0, 84.25, 0.255; GCF_024494575.1, s__Halorubrum salinum, 95.0, 84.06, 0.281; GCF_000337035.1, s__Halorubrum coriense, 95.0, 84.02, 0.259; GCA_001564205.1, s__Halorubrum sp001564205, 95.0, 83.59, 0.18; GCF_000746205.1, s__Halorubrum sp000746205, 95.0, 83.49, 0.246; GCF_027257195.1, s__Halorubrum sp027257195, 95.0, 83.43, 0.215; GCF_004114375.1, s__Halorubrum sp004114375, 95.0, 83.22, 0.221; GCF_024494655.1, s__Halorubrum laminariae, 95.0, 83.19, 0.199; GCA_003023405.1, s__Halorubrum sp003023405, 95.0, 83.04, 0.217; GCF_002252985.1, s__Halorubrum halodurans, 95.0, 82.83, 0.171; GCF_001542905.1, s__Halorubrum aethiopicum, 95.0, 82.49, 0.189; GCF_900182635.1, s__Halorubrum cibi, 95.0, 82.25, 0.172; GCF_003697845.1, s__Halorubrum sp003697845, 95.0, 82.14, 0.18; GCF_900113615.1, s__Halorubrum aquaticum, 95.0, 82.0, 0.183; GCF_024494685.1, s__Halorubrum rubrum, 95.0, 81.99, 0.167	98.85	11	N/A	N/A
Halorubrum_SS1_3	d__Archaea;p__Halobacteriota;c__Halobacteria;o__Halobacteriales;f__Haloferacaceae;g__Halorubrum;s__Halorubrum salinarum	GCF_013267195.1	95.0	d__Archaea;p__Halobacteriota;c__Halobacteria;o__Halobacteriales;f__Haloferacaceae;g__Halorubrum;s__Halorubrum salinarum	96.85	0.872	GCF_013267195.1	95.0	d__Archaea;p__Halobacteriota;c__Halobacteria;o__Halobacteriales;f__Haloferacaceae;g__Halorubrum;s__Halorubrum salinarum	96.85	0.872	d__Archaea;p__Halobacteriota;c__Halobacteria;o__Halobacteriales;f__Haloferacaceae;g__Halorubrum;s__	taxonomic classification defined by topology and ANI	topological placement and ANI have congruent species assignments	GCF_001280455.1, s__Halorubrum tropicale, 95.0, 94.38, 0.792; GCF_002355655.1, s__Halorubrum trapanicum_A, 95.0, 91.31, 0.731; GCF_018228765.1, s__Halorubrum ruber, 95.0, 91.03, 0.697; GCF_000337335.1, s__Halorubrum distributum, 95.0, 90.94, 0.713; GCF_003666015.1, s__Halorubrum sp003666015, 95.0, 90.51, 0.73; GCF_005435165.1, s__Halorubrum sp005435165, 95.0, 90.45, 0.678; GCF_900102375.1, s__Halorubrum xinjiangense, 95.0, 90.37, 0.676; GCF_900111935.1, s__Halorubrum sodomense, 95.0, 90.33, 0.668; GCF_937146585.1, s__Halorubrum sp937146585, 95.0, 90.3, 0.684; GCF_018623055.1, s__Halorubrum sp018623055, 95.0, 90.06, 0.618; GCF_017873555.1, s__Halorubrum trapanicum, 95.0, 90.02, 0.637; GCF_000336875.1, s__Halorubrum californiense, 95.0, 89.89, 0.673; GCF_002114285.1, s__Halorubrum ezzemoulense, 95.0, 89.61, 0.637; GCF_000337035.1, s__Halorubrum coriense, 95.0, 89.4, 0.64; GCF_000337075.1, s__Halorubrum hochstenium, 95.0, 89.26, 0.621; GCF_000337415.1, s__Halorubrum tebenquichense, 95.0, 88.9, 0.593; GCF_901686465.1, s__Halorubrum sp901686465, 95.0, 88.67, 0.58; GCF_004114375.1, s__Halorubrum sp004114375, 95.0, 87.86, 0.532; GCA_003023405.1, s__Halorubrum sp003023405, 95.0, 87.08, 0.477; GCF_024494565.1, s__Halorubrum rutilum, 95.0, 86.01, 0.362; GCF_001261915.1, s__Halorubrum sp001261915, 95.0, 85.96, 0.361; GCF_007671725.1, s__Halorubrum depositum, 95.0, 85.66, 0.37; GCF_003721435.2, s__Halorubrum sp003721435, 95.0, 85.64, 0.371; GCF_002286985.1, s__Halorubrum salipaludis, 95.0, 85.34, 0.361; GCF_029889805.1, s__Halorubrum sp029889805, 95.0, 85.15, 0.318; GCF_002252755.1, s__Halorubrum sp002252755, 95.0, 85.11, 0.338; GCF_002727125.1, s__Halorubrum persicum, 95.0, 85.05, 0.341; GCF_000337375.1, s__Halorubrum lipolyticum, 95.0, 85.03, 0.33; GCF_004114995.1, s__Halorubrum amylolyticum, 95.0, 84.92, 0.316; GCF_026586675.1, s__Halorubrum yunnanense, 95.0, 84.86, 0.321; GCF_000337915.1, s__Halorubrum saccharovorum, 95.0, 84.85, 0.31; GCF_003781945.1, s__Halorubrum sp003781945, 95.0, 84.77, 0.339; GCF_000739595.1, s__Halorubrum halophilum, 95.0, 84.73, 0.322; GCF_000337355.1, s__Halorubrum kocurii, 95.0, 84.56, 0.337; GCF_007671685.1, s__Halorubrum salsamenti, 95.0, 84.45, 0.304; GCF_009742825.1, s__Halorubrum sp009742825, 95.0, 84.39, 0.183; GCF_000336995.1, s__Halorubrum aidingense, 95.0, 83.81, 0.253; GCF_003990725.2, s__Halorubrum sp003990725, 95.0, 83.62, 0.252; GCF_000022205.1, s__Halorubrum lacusprofundi, 95.0, 83.41, 0.291; GCF_024494575.1, s__Halorubrum salinum, 95.0, 83.22, 0.246; GCF_001542905.1, s__Halorubrum aethiopicum, 95.0, 83.0, 0.228; GCA_001564205.1, s__Halorubrum sp001564205, 95.0, 82.99, 0.164; GCF_002252985.1, s__Halorubrum halodurans, 95.0, 82.87, 0.193; GCF_024494685.1, s__Halorubrum rubrum, 95.0, 82.44, 0.199; GCF_000746205.1, s__Halorubrum sp000746205, 95.0, 82.29, 0.19; GCF_024494655.1, s__Halorubrum laminariae, 95.0, 82.09, 0.16; GCF_900182635.1, s__Halorubrum cibi, 95.0, 81.91, 0.181; GCF_900113615.1, s__Halorubrum aquaticum, 95.0, 81.78, 0.178; GCF_027257195.1, s__Halorubrum sp027257195, 95.0, 81.37, 0.166; GCF_003697845.1, s__Halorubrum sp003697845, 95.0, 81.36, 0.182; GCF_003287355.1, s__Halorubrum sp003287355, 95.0, 81.19, 0.154	97.16	11	N/A	N/A
Halorubrum_SS2_6	d__Archaea;p__Halobacteriota;c__Halobacteria;o__Halobacteriales;f__Haloferacaceae;g__Halorubrum;s__Halorubrum salinarum	GCF_013267195.1	95.0	d__Archaea;p__Halobacteriota;c__Halobacteria;o__Halobacteriales;f__Haloferacaceae;g__Halorubrum;s__Halorubrum salinarum	96.08	0.853	GCF_013267195.1	95.0	d__Archaea;p__Halobacteriota;c__Halobacteria;o__Halobacteriales;f__Haloferacaceae;g__Halorubrum;s__Halorubrum salinarum	96.08	0.853	d__Archaea;p__Halobacteriota;c__Halobacteria;o__Halobacteriales;f__Haloferacaceae;g__Halorubrum;s__	taxonomic classification defined by topology and ANI	topological placement and ANI have congruent species assignments	GCF_001280455.1, s__Halorubrum tropicale, 95.0, 94.73, 0.762; GCF_002355655.1, s__Halorubrum trapanicum_A, 95.0, 91.26, 0.716; GCF_000337335.1, s__Halorubrum distributum, 95.0, 90.98, 0.693; GCF_018228765.1, s__Halorubrum ruber, 95.0, 90.79, 0.697; GCF_003666015.1, s__Halorubrum sp003666015, 95.0, 90.51, 0.706; GCF_005435165.1, s__Halorubrum sp005435165, 95.0, 90.51, 0.652; GCF_900111935.1, s__Halorubrum sodomense, 95.0, 90.33, 0.662; GCF_937146585.1, s__Halorubrum sp937146585, 95.0, 90.3, 0.698; GCF_900102375.1, s__Halorubrum xinjiangense, 95.0, 90.08, 0.651; GCF_018623055.1, s__Halorubrum sp018623055, 95.0, 90.06, 0.603; GCF_017873555.1, s__Halorubrum trapanicum, 95.0, 90.02, 0.621; GCF_000336875.1, s__Halorubrum californiense, 95.0, 89.84, 0.643; GCF_002114285.1, s__Halorubrum ezzemoulense, 95.0, 89.82, 0.616; GCF_000337075.1, s__Halorubrum hochstenium, 95.0, 89.29, 0.602; GCF_000337035.1, s__Halorubrum coriense, 95.0, 89.28, 0.615; GCF_000337415.1, s__Halorubrum tebenquichense, 95.0, 88.95, 0.573; GCF_901686465.1, s__Halorubrum sp901686465, 95.0, 88.76, 0.56; GCF_004114375.1, s__Halorubrum sp004114375, 95.0, 87.61, 0.503; GCA_003023405.1, s__Halorubrum sp003023405, 95.0, 87.19, 0.477; GCF_001261915.1, s__Halorubrum sp001261915, 95.0, 85.88, 0.343; GCF_024494565.1, s__Halorubrum rutilum, 95.0, 85.53, 0.359; GCF_007671725.1, s__Halorubrum depositum, 95.0, 85.4, 0.361; GCF_002286985.1, s__Halorubrum salipaludis, 95.0, 85.39, 0.356; GCF_003721435.2, s__Halorubrum sp003721435, 95.0, 85.34, 0.359; GCF_002727125.1, s__Halorubrum persicum, 95.0, 85.31, 0.333; GCF_000337915.1, s__Halorubrum saccharovorum, 95.0, 85.09, 0.315; GCF_004114995.1, s__Halorubrum amylolyticum, 95.0, 85.08, 0.309; GCF_026586675.1, s__Halorubrum yunnanense, 95.0, 85.08, 0.304; GCF_029889805.1, s__Halorubrum sp029889805, 95.0, 85.05, 0.322; GCF_000337375.1, s__Halorubrum lipolyticum, 95.0, 85.01, 0.319; GCF_002252755.1, s__Halorubrum sp002252755, 95.0, 84.94, 0.321; GCF_009742825.1, s__Halorubrum sp009742825, 95.0, 84.93, 0.189; GCF_000739595.1, s__Halorubrum halophilum, 95.0, 84.78, 0.295; GCF_003781945.1, s__Halorubrum sp003781945, 95.0, 84.66, 0.33; GCF_000337355.1, s__Halorubrum kocurii, 95.0, 84.66, 0.318; GCF_007671685.1, s__Halorubrum salsamenti, 95.0, 84.52, 0.306; GCF_000336995.1, s__Halorubrum aidingense, 95.0, 83.77, 0.251; GCF_000022205.1, s__Halorubrum lacusprofundi, 95.0, 83.42, 0.273; GCF_003990725.2, s__Halorubrum sp003990725, 95.0, 83.39, 0.25; GCF_024494575.1, s__Halorubrum salinum, 95.0, 83.34, 0.247; GCF_002252985.1, s__Halorubrum halodurans, 95.0, 83.3, 0.196; GCF_001542905.1, s__Halorubrum aethiopicum, 95.0, 82.92, 0.22; GCA_001564205.1, s__Halorubrum sp001564205, 95.0, 82.67, 0.161; GCF_000746205.1, s__Halorubrum sp000746205, 95.0, 82.66, 0.197; GCF_024494685.1, s__Halorubrum rubrum, 95.0, 82.46, 0.188; GCF_024494655.1, s__Halorubrum laminariae, 95.0, 82.44, 0.165; GCF_900182635.1, s__Halorubrum cibi, 95.0, 81.97, 0.179; GCF_900113615.1, s__Halorubrum aquaticum, 95.0, 81.97, 0.168; GCF_003697845.1, s__Halorubrum sp003697845, 95.0, 81.71, 0.185; GCF_027257195.1, s__Halorubrum sp027257195, 95.0, 81.51, 0.175	98.83	11	N/A	N/A
Halorubrum_SS5_4	d__Archaea;p__Halobacteriota;c__Halobacteria;o__Halobacteriales;f__Haloferacaceae;g__Halorubrum;s__Halorubrum salinarum	GCF_013267195.1	95.0	d__Archaea;p__Halobacteriota;c__Halobacteria;o__Halobacteriales;f__Haloferacaceae;g__Halorubrum;s__Halorubrum salinarum	97.75	0.881	GCF_013267195.1	95.0	d__Archaea;p__Halobacteriota;c__Halobacteria;o__Halobacteriales;f__Haloferacaceae;g__Halorubrum;s__Halorubrum salinarum	97.75	0.881	d__Archaea;p__Halobacteriota;c__Halobacteria;o__Halobacteriales;f__Haloferacaceae;g__Halorubrum;s__	taxonomic classification defined by topology and ANI	topological placement and ANI have congruent species assignments	GCF_001280455.1, s__Halorubrum tropicale, 95.0, 94.99, 0.797; GCF_002355655.1, s__Halorubrum trapanicum_A, 95.0, 91.5, 0.699; GCF_000337335.1, s__Halorubrum distributum, 95.0, 90.9, 0.724; GCF_018228765.1, s__Halorubrum ruber, 95.0, 90.88, 0.704; GCF_003666015.1, s__Halorubrum sp003666015, 95.0, 90.6, 0.713; GCF_900111935.1, s__Halorubrum sodomense, 95.0, 90.48, 0.687; GCF_937146585.1, s__Halorubrum sp937146585, 95.0, 90.3, 0.695; GCF_017873555.1, s__Halorubrum trapanicum, 95.0, 90.27, 0.625; GCF_005435165.1, s__Halorubrum sp005435165, 95.0, 90.1, 0.66; GCF_900102375.1, s__Halorubrum xinjiangense, 95.0, 90.05, 0.68; GCF_018623055.1, s__Halorubrum sp018623055, 95.0, 90.02, 0.631; GCF_000336875.1, s__Halorubrum californiense, 95.0, 89.83, 0.659; GCF_002114285.1, s__Halorubrum ezzemoulense, 95.0, 89.79, 0.64; GCF_000337075.1, s__Halorubrum hochstenium, 95.0, 89.34, 0.613; GCF_000337035.1, s__Halorubrum coriense, 95.0, 89.32, 0.646; GCF_000337415.1, s__Halorubrum tebenquichense, 95.0, 89.07, 0.591; GCF_901686465.1, s__Halorubrum sp901686465, 95.0, 88.63, 0.569; GCF_004114375.1, s__Halorubrum sp004114375, 95.0, 87.93, 0.524; GCA_003023405.1, s__Halorubrum sp003023405, 95.0, 87.4, 0.486; GCF_001261915.1, s__Halorubrum sp001261915, 95.0, 85.92, 0.343; GCF_024494565.1, s__Halorubrum rutilum, 95.0, 85.7, 0.354; GCF_007671725.1, s__Halorubrum depositum, 95.0, 85.59, 0.343; GCF_003721435.2, s__Halorubrum sp003721435, 95.0, 85.46, 0.352; GCF_002727125.1, s__Halorubrum persicum, 95.0, 85.21, 0.322; GCF_002286985.1, s__Halorubrum salipaludis, 95.0, 85.0, 0.337; GCF_029889805.1, s__Halorubrum sp029889805, 95.0, 85.0, 0.321; GCF_002252755.1, s__Halorubrum sp002252755, 95.0, 84.93, 0.331; GCF_026586675.1, s__Halorubrum yunnanense, 95.0, 84.9, 0.311; GCF_007671685.1, s__Halorubrum salsamenti, 95.0, 84.9, 0.31; GCF_000337375.1, s__Halorubrum lipolyticum, 95.0, 84.85, 0.331; GCF_000739595.1, s__Halorubrum halophilum, 95.0, 84.78, 0.318; GCF_009742825.1, s__Halorubrum sp009742825, 95.0, 84.77, 0.182; GCF_000337915.1, s__Halorubrum saccharovorum, 95.0, 84.76, 0.309; GCF_004114995.1, s__Halorubrum amylolyticum, 95.0, 84.69, 0.307; GCF_003781945.1, s__Halorubrum sp003781945, 95.0, 84.66, 0.334; GCF_000337355.1, s__Halorubrum kocurii, 95.0, 84.54, 0.328; GCF_003990725.2, s__Halorubrum sp003990725, 95.0, 83.84, 0.261; GCF_000022205.1, s__Halorubrum lacusprofundi, 95.0, 83.71, 0.273; GCF_000336995.1, s__Halorubrum aidingense, 95.0, 83.6, 0.24; GCF_024494575.1, s__Halorubrum salinum, 95.0, 83.19, 0.228; GCA_001564205.1, s__Halorubrum sp001564205, 95.0, 83.19, 0.161; GCF_002252985.1, s__Halorubrum halodurans, 95.0, 82.45, 0.179; GCF_000746205.1, s__Halorubrum sp000746205, 95.0, 82.4, 0.181; GCF_001542905.1, s__Halorubrum aethiopicum, 95.0, 82.36, 0.202; GCF_024494685.1, s__Halorubrum rubrum, 95.0, 82.3, 0.182; GCF_024494655.1, s__Halorubrum laminariae, 95.0, 82.16, 0.167; GCF_900182635.1, s__Halorubrum cibi, 95.0, 81.98, 0.171; GCF_003697845.1, s__Halorubrum sp003697845, 95.0, 81.75, 0.166; GCF_900113615.1, s__Halorubrum aquaticum, 95.0, 81.67, 0.172; GCF_027257195.1, s__Halorubrum sp027257195, 95.0, 81.38, 0.169; GCF_003287355.1, s__Halorubrum sp003287355, 95.0, 80.96, 0.155	96.63	11	N/A	N/A
Halorubrum_SS5_7	d__Archaea;p__Halobacteriota;c__Halobacteria;o__Halobacteriales;f__Haloferacaceae;g__Halorubrum;s__Halorubrum salinarum	GCF_013267195.1	95.0	d__Archaea;p__Halobacteriota;c__Halobacteria;o__Halobacteriales;f__Haloferacaceae;g__Halorubrum;s__Halorubrum salinarum	97.02	0.901	GCF_013267195.1	95.0	d__Archaea;p__Halobacteriota;c__Halobacteria;o__Halobacteriales;f__Haloferacaceae;g__Halorubrum;s__Halorubrum salinarum	97.02	0.901	d__Archaea;p__Halobacteriota;c__Halobacteria;o__Halobacteriales;f__Haloferacaceae;g__Halorubrum;s__	taxonomic classification defined by topology and ANI	topological placement and ANI have congruent species assignments	GCF_001280455.1, s__Halorubrum tropicale, 95.0, 95.46, 0.828; GCF_002355655.1, s__Halorubrum trapanicum_A, 95.0, 91.54, 0.726; GCF_018228765.1, s__Halorubrum ruber, 95.0, 91.03, 0.727; GCF_000337335.1, s__Halorubrum distributum, 95.0, 90.94, 0.747; GCF_003666015.1, s__Halorubrum sp003666015, 95.0, 90.55, 0.743; GCF_900111935.1, s__Halorubrum sodomense, 95.0, 90.48, 0.698; GCF_937146585.1, s__Halorubrum sp937146585, 95.0, 90.34, 0.696; GCF_017873555.1, s__Halorubrum trapanicum, 95.0, 90.33, 0.646; GCF_005435165.1, s__Halorubrum sp005435165, 95.0, 90.28, 0.684; GCF_018623055.1, s__Halorubrum sp018623055, 95.0, 90.06, 0.651; GCF_900102375.1, s__Halorubrum xinjiangense, 95.0, 90.02, 0.692; GCF_000336875.1, s__Halorubrum californiense, 95.0, 89.99, 0.682; GCF_002114285.1, s__Halorubrum ezzemoulense, 95.0, 89.62, 0.654; GCF_000337035.1, s__Halorubrum coriense, 95.0, 89.46, 0.659; GCF_000337075.1, s__Halorubrum hochstenium, 95.0, 89.24, 0.628; GCF_000337415.1, s__Halorubrum tebenquichense, 95.0, 89.11, 0.613; GCF_901686465.1, s__Halorubrum sp901686465, 95.0, 88.76, 0.593; GCF_004114375.1, s__Halorubrum sp004114375, 95.0, 87.99, 0.56; GCA_003023405.1, s__Halorubrum sp003023405, 95.0, 87.35, 0.477; GCF_001261915.1, s__Halorubrum sp001261915, 95.0, 85.91, 0.357; GCF_024494565.1, s__Halorubrum rutilum, 95.0, 85.82, 0.379; GCF_007671725.1, s__Halorubrum depositum, 95.0, 85.65, 0.365; GCF_003721435.2, s__Halorubrum sp003721435, 95.0, 85.56, 0.383; GCF_002727125.1, s__Halorubrum persicum, 95.0, 85.25, 0.328; GCF_000337375.1, s__Halorubrum lipolyticum, 95.0, 85.22, 0.346; GCF_004114995.1, s__Halorubrum amylolyticum, 95.0, 85.2, 0.318; GCF_002286985.1, s__Halorubrum salipaludis, 95.0, 85.17, 0.348; GCF_002252755.1, s__Halorubrum sp002252755, 95.0, 85.08, 0.342; GCF_026586675.1, s__Halorubrum yunnanense, 95.0, 85.03, 0.324; GCF_000739595.1, s__Halorubrum halophilum, 95.0, 84.89, 0.337; GCF_000337355.1, s__Halorubrum kocurii, 95.0, 84.81, 0.336; GCF_009742825.1, s__Halorubrum sp009742825, 95.0, 84.67, 0.181; GCF_029889805.1, s__Halorubrum sp029889805, 95.0, 84.65, 0.32; GCF_003781945.1, s__Halorubrum sp003781945, 95.0, 84.58, 0.35; GCF_007671685.1, s__Halorubrum salsamenti, 95.0, 84.51, 0.314; GCF_000337915.1, s__Halorubrum saccharovorum, 95.0, 84.5, 0.315; GCF_003990725.2, s__Halorubrum sp003990725, 95.0, 83.74, 0.265; GCF_000336995.1, s__Halorubrum aidingense, 95.0, 83.66, 0.258; GCF_000022205.1, s__Halorubrum lacusprofundi, 95.0, 83.61, 0.297; GCF_024494575.1, s__Halorubrum salinum, 95.0, 83.33, 0.246; GCF_002252985.1, s__Halorubrum halodurans, 95.0, 83.23, 0.193; GCA_001564205.1, s__Halorubrum sp001564205, 95.0, 82.95, 0.16; GCF_001542905.1, s__Halorubrum aethiopicum, 95.0, 82.62, 0.22; GCF_000746205.1, s__Halorubrum sp000746205, 95.0, 82.53, 0.189; GCF_024494655.1, s__Halorubrum laminariae, 95.0, 82.23, 0.168; GCF_024494685.1, s__Halorubrum rubrum, 95.0, 82.21, 0.193; GCF_900182635.1, s__Halorubrum cibi, 95.0, 81.94, 0.171; GCF_900113615.1, s__Halorubrum aquaticum, 95.0, 81.68, 0.18; GCF_003697845.1, s__Halorubrum sp003697845, 95.0, 81.46, 0.18; GCF_027257195.1, s__Halorubrum sp027257195, 95.0, 81.27, 0.169; GCF_003287355.1, s__Halorubrum sp003287355, 95.0, 81.26, 0.162	97.71	11	N/A	N/A
Halorubrum_SS5_8	d__Archaea;p__Halobacteriota;c__Halobacteria;o__Halobacteriales;f__Haloferacaceae;g__Halorubrum;s__	N/A	N/A	N/A	N/A	N/A	N/A	N/A	N/A	N/A	N/A	d__Archaea;p__Halobacteriota;c__Halobacteria;o__Halobacteriales;f__Haloferacaceae;g__Halorubrum;s__	taxonomic classification defined by topology and ANI	N/A	GCF_007671725.1, s__Halorubrum depositum, 95.0, 88.53, 0.575; GCF_029889805.1, s__Halorubrum sp029889805, 95.0, 88.32, 0.544; GCF_003721435.2, s__Halorubrum sp003721435, 95.0, 88.16, 0.492; GCF_002252755.1, s__Halorubrum sp002252755, 95.0, 88.1, 0.479; GCF_001261915.1, s__Halorubrum sp001261915, 95.0, 87.74, 0.465; GCF_026586675.1, s__Halorubrum yunnanense, 95.0, 87.64, 0.461; GCF_024494565.1, s__Halorubrum rutilum, 95.0, 87.51, 0.448; GCF_000337375.1, s__Halorubrum lipolyticum, 95.0, 85.78, 0.341; GCF_000337915.1, s__Halorubrum saccharovorum, 95.0, 85.63, 0.328; GCF_002727125.1, s__Halorubrum persicum, 95.0, 85.6, 0.318; GCF_000337355.1, s__Halorubrum kocurii, 95.0, 85.54, 0.331; GCF_004114995.1, s__Halorubrum amylolyticum, 95.0, 85.37, 0.295; GCF_002286985.1, s__Halorubrum salipaludis, 95.0, 85.35, 0.322; GCF_003781945.1, s__Halorubrum sp003781945, 95.0, 85.34, 0.318; GCF_007671685.1, s__Halorubrum salsamenti, 95.0, 85.12, 0.318; GCF_000739595.1, s__Halorubrum halophilum, 95.0, 85.07, 0.32; GCF_003990725.2, s__Halorubrum sp003990725, 95.0, 84.79, 0.343; GCF_000336995.1, s__Halorubrum aidingense, 95.0, 84.55, 0.316; GCF_937146585.1, s__Halorubrum sp937146585, 95.0, 84.53, 0.304; GCF_002355655.1, s__Halorubrum trapanicum_A, 95.0, 84.42, 0.309; GCF_000337335.1, s__Halorubrum distributum, 95.0, 84.27, 0.287; GCF_900111935.1, s__Halorubrum sodomense, 95.0, 84.22, 0.29; GCF_009742825.1, s__Halorubrum sp009742825, 95.0, 84.19, 0.161; GCF_013267195.1, s__Halorubrum salinarum, 95.0, 84.18, 0.31; GCF_000022205.1, s__Halorubrum lacusprofundi, 95.0, 84.17, 0.299; GCF_003666015.1, s__Halorubrum sp003666015, 95.0, 84.11, 0.261; GCF_018228765.1, s__Halorubrum ruber, 95.0, 84.09, 0.304; GCF_001280455.1, s__Halorubrum tropicale, 95.0, 84.07, 0.271; GCF_018623055.1, s__Halorubrum sp018623055, 95.0, 83.96, 0.279; GCF_017873555.1, s__Halorubrum trapanicum, 95.0, 83.93, 0.283; GCF_002114285.1, s__Halorubrum ezzemoulense, 95.0, 83.89, 0.239; GCF_900102375.1, s__Halorubrum xinjiangense, 95.0, 83.86, 0.277; GCF_005435165.1, s__Halorubrum sp005435165, 95.0, 83.81, 0.251; GCF_000337035.1, s__Halorubrum coriense, 95.0, 83.71, 0.237; GCF_000337415.1, s__Halorubrum tebenquichense, 95.0, 83.62, 0.255; GCF_000337075.1, s__Halorubrum hochstenium, 95.0, 83.56, 0.284; GCF_024494575.1, s__Halorubrum salinum, 95.0, 83.47, 0.243; GCA_001564205.1, s__Halorubrum sp001564205, 95.0, 83.37, 0.214; GCF_000336875.1, s__Halorubrum californiense, 95.0, 83.35, 0.238; GCF_901686465.1, s__Halorubrum sp901686465, 95.0, 82.88, 0.241; GCF_000746205.1, s__Halorubrum sp000746205, 95.0, 82.86, 0.227; GCA_003023405.1, s__Halorubrum sp003023405, 95.0, 82.68, 0.22; GCF_004114375.1, s__Halorubrum sp004114375, 95.0, 82.56, 0.204; GCF_024494655.1, s__Halorubrum laminariae, 95.0, 82.55, 0.167; GCF_002252985.1, s__Halorubrum halodurans, 95.0, 82.35, 0.159; GCF_900182635.1, s__Halorubrum cibi, 95.0, 82.19, 0.162; GCF_001542905.1, s__Halorubrum aethiopicum, 95.0, 81.98, 0.164; GCF_900113615.1, s__Halorubrum aquaticum, 95.0, 81.77, 0.18; GCF_024494685.1, s__Halorubrum rubrum, 95.0, 81.63, 0.158; GCF_027257195.1, s__Halorubrum sp027257195, 95.0, 81.26, 0.151	98.56	11	0.98421	Genome not assigned to closest species as it falls outside its pre-defined ANI radius
